googlefontdirectory/apache/aclonica/Aclonica.ttf
googlefontdirectory/apache/arimo/Arimo-Bold.ttf
googlefontdirectory/apache/arimo/Arimo-BoldItalic.ttf
googlefontdirectory/apache/arimo/Arimo-Italic.ttf
googlefontdirectory/apache/arimo/Arimo-Regular.ttf
googlefontdirectory/apache/calligraffitti/Calligraffitti-Regular.ttf
googlefontdirectory/apache/cherrycreamsoda/CherryCreamSoda.ttf
googlefontdirectory/apache/cherrycreamsoda/src/CherryCreamSoda-VTT.ttf
googlefontdirectory/apache/chewy/Chewy.ttf
googlefontdirectory/apache/chewy/src/Chewy-VTT.ttf
googlefontdirectory/apache/comingsoon/ComingSoon.ttf
googlefontdirectory/apache/comingsoon/src/ComingSoon-TTX.ttf
googlefontdirectory/apache/cousine/Cousine-Bold.ttf
googlefontdirectory/apache/cousine/Cousine-BoldItalic.ttf
googlefontdirectory/apache/cousine/Cousine-Italic.ttf
googlefontdirectory/apache/cousine/Cousine-Regular.ttf
googlefontdirectory/apache/craftygirls/CraftyGirls.ttf
googlefontdirectory/apache/craftygirls/src/CraftyGirls-TTX.ttf
googlefontdirectory/apache/creepstercaps/CreepsterCaps-Regular.ttf
googlefontdirectory/apache/crushed/Crushed.ttf
googlefontdirectory/apache/droidsans/DroidSans-Bold.ttf
googlefontdirectory/apache/droidsans/DroidSans.ttf
googlefontdirectory/apache/droidsansmono/DroidSansMono.ttf
googlefontdirectory/apache/droidserif/DroidSerif-Bold.ttf
googlefontdirectory/apache/droidserif/DroidSerif-BoldItalic.ttf
googlefontdirectory/apache/droidserif/DroidSerif-Italic.ttf
googlefontdirectory/apache/droidserif/DroidSerif.ttf
googlefontdirectory/apache/fontdinerswanky/FontdinerSwanky.ttf
googlefontdirectory/apache/homemadeapple/HomemadeApple.ttf
googlefontdirectory/apache/irishgrover/IrishGrover.ttf
googlefontdirectory/apache/irishgrowler/IrishGrowler.ttf
googlefontdirectory/apache/jsmathcmbx10/jsMath-cmbx10.ttf
googlefontdirectory/apache/jsmathcmr10/jsMath-cmr10.ttf
googlefontdirectory/apache/jsmathcmti10/jsMath-cmti10.ttf
googlefontdirectory/apache/justanotherhand/JustAnotherHand.ttf
googlefontdirectory/apache/kranky/Kranky.ttf
googlefontdirectory/apache/luckiestguy/LuckiestGuy.ttf
googlefontdirectory/apache/maidenorange/MaidenOrange.ttf
googlefontdirectory/apache/montez/Montez-Regular.ttf
googlefontdirectory/apache/mountainsofchristmas/MountainsofChristmas-Bold.ttf
googlefontdirectory/apache/mountainsofchristmas/MountainsofChristmas-Regular.ttf
googlefontdirectory/apache/notosans/NotoSans-Bold.ttf
googlefontdirectory/apache/notosans/NotoSans-BoldItalic.ttf
googlefontdirectory/apache/notosans/NotoSans-Italic.ttf
googlefontdirectory/apache/notosans/NotoSans-Regular.ttf
googlefontdirectory/apache/notosans/src/NotoSans-Bold-orig.ttf
googlefontdirectory/apache/notosans/src/NotoSans-Regular-orig.ttf
googlefontdirectory/apache/notosansui/NotoSansUI-Bold.ttf
googlefontdirectory/apache/notosansui/NotoSansUI-BoldItalic.ttf
googlefontdirectory/apache/notosansui/NotoSansUI-Italic.ttf
googlefontdirectory/apache/notosansui/NotoSansUI-Regular.ttf
googlefontdirectory/apache/notoserif/NotoSerif-Bold.ttf
googlefontdirectory/apache/notoserif/NotoSerif-BoldItalic.ttf
googlefontdirectory/apache/notoserif/NotoSerif-Italic.ttf
googlefontdirectory/apache/notoserif/NotoSerif-Regular.ttf
googlefontdirectory/apache/opensans/OpenSans-Bold.ttf
googlefontdirectory/apache/opensans/OpenSans-BoldItalic.ttf
googlefontdirectory/apache/opensans/OpenSans-ExtraBold.ttf
googlefontdirectory/apache/opensans/OpenSans-ExtraBoldItalic.ttf
googlefontdirectory/apache/opensans/OpenSans-Italic.ttf
googlefontdirectory/apache/opensans/OpenSans-Light.ttf
googlefontdirectory/apache/opensans/OpenSans-LightItalic.ttf
googlefontdirectory/apache/opensans/OpenSans-Regular.ttf
googlefontdirectory/apache/opensans/OpenSans-Semibold.ttf
googlefontdirectory/apache/opensans/OpenSans-SemiboldItalic.ttf
googlefontdirectory/apache/opensans/src/OpenSans-Bold.ttf
googlefontdirectory/apache/opensans/src/OpenSans-BoldItalic.ttf
googlefontdirectory/apache/opensans/src/OpenSans-ExtraBold.ttf
googlefontdirectory/apache/opensans/src/OpenSans-ExtraBoldItalic.ttf
googlefontdirectory/apache/opensans/src/OpenSans-Italic.ttf
googlefontdirectory/apache/opensans/src/OpenSans-Light.ttf
googlefontdirectory/apache/opensans/src/OpenSans-LightItalic.ttf
googlefontdirectory/apache/opensans/src/OpenSans-Regular.ttf
googlefontdirectory/apache/opensans/src/OpenSans-Semibold.ttf
googlefontdirectory/apache/opensans/src/OpenSans-SemiboldItalic.ttf
googlefontdirectory/apache/opensanscondensed/OpenSans-CondBold.ttf
googlefontdirectory/apache/opensanscondensed/OpenSans-CondLight.ttf
googlefontdirectory/apache/opensanscondensed/OpenSans-CondLightItalic.ttf
googlefontdirectory/apache/opensanscondensed/src/OpenSans-CondLight.ttf
googlefontdirectory/apache/opensanscondensed/src/OpenSans-CondLighttalic.ttf
googlefontdirectory/apache/opensanshebrew/OpenSansHebrew-Bold.ttf
googlefontdirectory/apache/opensanshebrew/OpenSansHebrew-BoldItalic.ttf
googlefontdirectory/apache/opensanshebrew/OpenSansHebrew-ExtraBold.ttf
googlefontdirectory/apache/opensanshebrew/OpenSansHebrew-ExtraBoldItalic.ttf
googlefontdirectory/apache/opensanshebrew/OpenSansHebrew-Italic.ttf
googlefontdirectory/apache/opensanshebrew/OpenSansHebrew-Light.ttf
googlefontdirectory/apache/opensanshebrew/OpenSansHebrew-LightItalic.ttf
googlefontdirectory/apache/opensanshebrew/OpenSansHebrew-Regular.ttf
googlefontdirectory/apache/opensanshebrewcondensed/OpenSansHebrewCondensed-Bold.ttf
googlefontdirectory/apache/opensanshebrewcondensed/OpenSansHebrewCondensed-BoldItalic.ttf
googlefontdirectory/apache/opensanshebrewcondensed/OpenSansHebrewCondensed-ExtraBold.ttf
googlefontdirectory/apache/opensanshebrewcondensed/OpenSansHebrewCondensed-ExtraBoldItalic.ttf
googlefontdirectory/apache/opensanshebrewcondensed/OpenSansHebrewCondensed-Italic.ttf
googlefontdirectory/apache/opensanshebrewcondensed/OpenSansHebrewCondensed-Light.ttf
googlefontdirectory/apache/opensanshebrewcondensed/OpenSansHebrewCondensed-LightItalic.ttf
googlefontdirectory/apache/opensanshebrewcondensed/OpenSansHebrewCondensed-Regular.ttf
googlefontdirectory/apache/permanentmarker/PermanentMarker.ttf
googlefontdirectory/apache/rancho/Rancho-Regular.ttf
googlefontdirectory/apache/redressed/Redressed.ttf
googlefontdirectory/apache/roboto/Roboto-Black.ttf
googlefontdirectory/apache/roboto/Roboto-BlackItalic.ttf
googlefontdirectory/apache/roboto/Roboto-Bold.ttf
googlefontdirectory/apache/roboto/Roboto-BoldItalic.ttf
googlefontdirectory/apache/roboto/Roboto-Italic.ttf
googlefontdirectory/apache/roboto/Roboto-Light.ttf
googlefontdirectory/apache/roboto/Roboto-LightItalic.ttf
googlefontdirectory/apache/roboto/Roboto-Medium.ttf
googlefontdirectory/apache/roboto/Roboto-MediumItalic.ttf
googlefontdirectory/apache/roboto/Roboto-Regular.ttf
googlefontdirectory/apache/roboto/Roboto-Thin.ttf
googlefontdirectory/apache/roboto/Roboto-ThinItalic.ttf
googlefontdirectory/apache/robotocondensed/RobotoCondensed-Bold.ttf
googlefontdirectory/apache/robotocondensed/RobotoCondensed-BoldItalic.ttf
googlefontdirectory/apache/robotocondensed/RobotoCondensed-Italic.ttf
googlefontdirectory/apache/robotocondensed/RobotoCondensed-Light.ttf
googlefontdirectory/apache/robotocondensed/RobotoCondensed-LightItalic.ttf
googlefontdirectory/apache/robotocondensed/RobotoCondensed-Regular.ttf
googlefontdirectory/apache/robotoslab/RobotoSlab-Bold.ttf
googlefontdirectory/apache/robotoslab/RobotoSlab-Light.ttf
googlefontdirectory/apache/robotoslab/RobotoSlab-Regular.ttf
googlefontdirectory/apache/robotoslab/RobotoSlab-Thin.ttf
googlefontdirectory/apache/robotoslab/src/RobotoSlab-Bold.ttf
googlefontdirectory/apache/robotoslab/src/RobotoSlab-Light.ttf
googlefontdirectory/apache/robotoslab/src/RobotoSlab-Regular.ttf
googlefontdirectory/apache/robotoslab/src/RobotoSlab-Thin.ttf
googlefontdirectory/apache/rochester/Rochester-Regular.ttf
googlefontdirectory/apache/rocksalt/RockSalt.ttf
googlefontdirectory/apache/satisfy/Satisfy-Regular.ttf
googlefontdirectory/apache/schoolbell/Schoolbell.ttf
googlefontdirectory/apache/slackey/Slackey.ttf
googlefontdirectory/apache/smokum/Smokum-Regular.ttf
googlefontdirectory/apache/specialelite/SpecialElite.ttf
googlefontdirectory/apache/sunshiney/Sunshiney.ttf
googlefontdirectory/apache/syncopate/src/Syncopate-Bold-VTT.ttf
googlefontdirectory/apache/syncopate/src/Syncopate-Regular-VTT.ttf
googlefontdirectory/apache/syncopate/Syncopate-Bold.ttf
googlefontdirectory/apache/syncopate/Syncopate-Regular.ttf
googlefontdirectory/apache/tinos/Tinos-Bold.ttf
googlefontdirectory/apache/tinos/Tinos-BoldItalic.ttf
googlefontdirectory/apache/tinos/Tinos-Italic.ttf
googlefontdirectory/apache/tinos/Tinos-Regular.ttf
googlefontdirectory/apache/ultra/Ultra.ttf
googlefontdirectory/apache/unkempt/Unkempt-Bold.ttf
googlefontdirectory/apache/unkempt/Unkempt-Regular.ttf
googlefontdirectory/apache/walterturncoat/src/WalterTurncoat-VTT.ttf
googlefontdirectory/apache/walterturncoat/WalterTurncoat.ttf
googlefontdirectory/apache/yellowtail/Yellowtail-Regular.ttf
googlefontdirectory/ofl/abeezee/ABeeZee-Italic.ttf
googlefontdirectory/ofl/abeezee/ABeeZee-Regular.ttf
googlefontdirectory/ofl/abel/Abel-Regular.ttf
googlefontdirectory/ofl/abrilfatface/AbrilFatface-Regular.ttf
googlefontdirectory/ofl/acme/Acme-Regular.ttf
googlefontdirectory/ofl/actor/Actor-Regular.ttf
googlefontdirectory/ofl/adamina/Adamina-Regular.ttf
googlefontdirectory/ofl/adventpro/AdventPro-Bold.ttf
googlefontdirectory/ofl/adventpro/AdventPro-ExtraLight.ttf
googlefontdirectory/ofl/adventpro/AdventPro-Light.ttf
googlefontdirectory/ofl/adventpro/AdventPro-Medium.ttf
googlefontdirectory/ofl/adventpro/AdventPro-Regular.ttf
googlefontdirectory/ofl/adventpro/AdventPro-SemiBold.ttf
googlefontdirectory/ofl/adventpro/AdventPro-Thin.ttf
googlefontdirectory/ofl/aguafinascript/AguafinaScript-Regular.ttf
googlefontdirectory/ofl/akronim/Akronim-Regular.ttf
googlefontdirectory/ofl/aladin/Aladin-Regular.ttf
googlefontdirectory/ofl/aldrich/Aldrich-Regular.ttf
googlefontdirectory/ofl/alef/Alef-Bold.ttf
googlefontdirectory/ofl/alef/Alef-Regular.ttf
googlefontdirectory/ofl/alefhebrew/Alef-Bold.ttf
googlefontdirectory/ofl/alefhebrew/Alef-Regular.ttf
googlefontdirectory/ofl/alefhebrew/src/VTT-Source/Alef-Bold.ttf
googlefontdirectory/ofl/alefhebrew/src/VTT-Source/Alef-Regular.ttf
googlefontdirectory/ofl/alegreya/Alegreya-Black.ttf
googlefontdirectory/ofl/alegreya/Alegreya-BlackItalic.ttf
googlefontdirectory/ofl/alegreya/Alegreya-Bold.ttf
googlefontdirectory/ofl/alegreya/Alegreya-BoldItalic.ttf
googlefontdirectory/ofl/alegreya/Alegreya-Italic.ttf
googlefontdirectory/ofl/alegreya/Alegreya-Regular.ttf
googlefontdirectory/ofl/alegreyasans/AlegreyaSans-Black.ttf
googlefontdirectory/ofl/alegreyasans/AlegreyaSans-BlackItalic.ttf
googlefontdirectory/ofl/alegreyasans/AlegreyaSans-Bold.ttf
googlefontdirectory/ofl/alegreyasans/AlegreyaSans-BoldItalic.ttf
googlefontdirectory/ofl/alegreyasans/AlegreyaSans-ExtraBold.ttf
googlefontdirectory/ofl/alegreyasans/AlegreyaSans-ExtraBoldItalic.ttf
googlefontdirectory/ofl/alegreyasans/AlegreyaSans-Italic.ttf
googlefontdirectory/ofl/alegreyasans/AlegreyaSans-Light.ttf
googlefontdirectory/ofl/alegreyasans/AlegreyaSans-LightItalic.ttf
googlefontdirectory/ofl/alegreyasans/AlegreyaSans-Medium.ttf
googlefontdirectory/ofl/alegreyasans/AlegreyaSans-MediumItalic.ttf
googlefontdirectory/ofl/alegreyasans/AlegreyaSans-Regular.ttf
googlefontdirectory/ofl/alegreyasans/AlegreyaSans-Thin.ttf
googlefontdirectory/ofl/alegreyasans/AlegreyaSans-ThinItalic.ttf
googlefontdirectory/ofl/alegreyasanssc/AlegreyaSansSC-Black.ttf
googlefontdirectory/ofl/alegreyasanssc/AlegreyaSansSC-BlackItalic.ttf
googlefontdirectory/ofl/alegreyasanssc/AlegreyaSansSC-Bold.ttf
googlefontdirectory/ofl/alegreyasanssc/AlegreyaSansSC-BoldItalic.ttf
googlefontdirectory/ofl/alegreyasanssc/AlegreyaSansSC-ExtraBold.ttf
googlefontdirectory/ofl/alegreyasanssc/AlegreyaSansSC-ExtraBoldItalic.ttf
googlefontdirectory/ofl/alegreyasanssc/AlegreyaSansSC-Italic.ttf
googlefontdirectory/ofl/alegreyasanssc/AlegreyaSansSC-Light.ttf
googlefontdirectory/ofl/alegreyasanssc/AlegreyaSansSC-LightItalic.ttf
googlefontdirectory/ofl/alegreyasanssc/AlegreyaSansSC-Medium.ttf
googlefontdirectory/ofl/alegreyasanssc/AlegreyaSansSC-MediumItalic.ttf
googlefontdirectory/ofl/alegreyasanssc/AlegreyaSansSC-Regular.ttf
googlefontdirectory/ofl/alegreyasanssc/AlegreyaSansSC-Thin.ttf
googlefontdirectory/ofl/alegreyasanssc/AlegreyaSansSC-ThinItalic.ttf
googlefontdirectory/ofl/alegreyasc/AlegreyaSC-Black.ttf
googlefontdirectory/ofl/alegreyasc/AlegreyaSC-BlackItalic.ttf
googlefontdirectory/ofl/alegreyasc/AlegreyaSC-Bold.ttf
googlefontdirectory/ofl/alegreyasc/AlegreyaSC-BoldItalic.ttf
googlefontdirectory/ofl/alegreyasc/AlegreyaSC-Italic.ttf
googlefontdirectory/ofl/alegreyasc/AlegreyaSC-Regular.ttf
googlefontdirectory/ofl/alexbrush/AlexBrush-Regular.ttf
googlefontdirectory/ofl/alfaslabone/AlfaSlabOne-Regular.ttf
googlefontdirectory/ofl/alice/Alice-Regular.ttf
googlefontdirectory/ofl/alike/Alike-Regular.ttf
googlefontdirectory/ofl/alikeangular/AlikeAngular-Regular.ttf
googlefontdirectory/ofl/allan/Allan-Bold.ttf
googlefontdirectory/ofl/allan/Allan-Regular.ttf
googlefontdirectory/ofl/allerta/Allerta-Regular.ttf
googlefontdirectory/ofl/allerta/src/Allerta-Regular-VTT.ttf
googlefontdirectory/ofl/allerta/src/AllertaStencil-Regular-VTT.ttf
googlefontdirectory/ofl/allertastencil/AllertaStencil-Regular.ttf
googlefontdirectory/ofl/allura/Allura-Regular.ttf
googlefontdirectory/ofl/almendra/Almendra-Bold.ttf
googlefontdirectory/ofl/almendra/Almendra-BoldItalic.ttf
googlefontdirectory/ofl/almendra/Almendra-Italic.ttf
googlefontdirectory/ofl/almendra/Almendra-Regular.ttf
googlefontdirectory/ofl/almendradisplay/AlmendraDisplay-Regular.ttf
googlefontdirectory/ofl/almendrasc/AlmendraSC-Bold.ttf
googlefontdirectory/ofl/almendrasc/AlmendraSC-BoldItalic.ttf
googlefontdirectory/ofl/almendrasc/AlmendraSC-Italic.ttf
googlefontdirectory/ofl/almendrasc/AlmendraSC-Regular.ttf
googlefontdirectory/ofl/amarante/Amarante-Regular.ttf
googlefontdirectory/ofl/amaranth/Amaranth-Bold.ttf
googlefontdirectory/ofl/amaranth/Amaranth-BoldItalic.ttf
googlefontdirectory/ofl/amaranth/Amaranth-Italic.ttf
googlefontdirectory/ofl/amaranth/Amaranth-Regular.ttf
googlefontdirectory/ofl/amaranth/src/Amaranth-Bold-hinting_source.ttf
googlefontdirectory/ofl/amaranth/src/Amaranth-BoldItalic-hinting_source.ttf
googlefontdirectory/ofl/amaranth/src/Amaranth-Italic-hinting_source.ttf
googlefontdirectory/ofl/amaranth/src/Amaranth-Regular-hinting_source.ttf
googlefontdirectory/ofl/amaticsc/AmaticSC-Bold.ttf
googlefontdirectory/ofl/amaticsc/AmaticSC-Regular.ttf
googlefontdirectory/ofl/amethysta/Amethysta-Regular.ttf
googlefontdirectory/ofl/amiri/Amiri-Bold.ttf
googlefontdirectory/ofl/amiri/Amiri-BoldSlanted.ttf
googlefontdirectory/ofl/amiri/Amiri-Regular.ttf
googlefontdirectory/ofl/amiri/Amiri-Slanted.ttf
googlefontdirectory/ofl/anaheim/Anaheim-Regular.ttf
googlefontdirectory/ofl/anaheim/src/Anaheim-Regular-unhinted.ttf
googlefontdirectory/ofl/andada/Andada-Bold.ttf
googlefontdirectory/ofl/andada/Andada-BoldItalic.ttf
googlefontdirectory/ofl/andada/Andada-Italic.ttf
googlefontdirectory/ofl/andada/Andada-Regular.ttf
googlefontdirectory/ofl/andadasc/AndadaSC-Bold.ttf
googlefontdirectory/ofl/andadasc/AndadaSC-BoldItalic.ttf
googlefontdirectory/ofl/andadasc/AndadaSC-Italic.ttf
googlefontdirectory/ofl/andadasc/AndadaSC-Regular.ttf
googlefontdirectory/ofl/andika/Andika-R.ttf
googlefontdirectory/ofl/annieuseyourtelescope/AnnieUseYourTelescope.ttf
googlefontdirectory/ofl/anonymouspro/AnonymousPro-Bold.ttf
googlefontdirectory/ofl/anonymouspro/AnonymousPro-BoldItalic.ttf
googlefontdirectory/ofl/anonymouspro/AnonymousPro-Italic.ttf
googlefontdirectory/ofl/anonymouspro/AnonymousPro-Regular.ttf
googlefontdirectory/ofl/antic/Antic-Regular.ttf
googlefontdirectory/ofl/anticdidone/AnticDidone-Regular.ttf
googlefontdirectory/ofl/anticslab/AnticSlab-Regular.ttf
googlefontdirectory/ofl/anton/Anton.ttf
googlefontdirectory/ofl/anton/src/Anton-VTT.ttf
googlefontdirectory/ofl/antonio/Antonio-Bold.ttf
googlefontdirectory/ofl/antonio/Antonio-Light.ttf
googlefontdirectory/ofl/antonio/Antonio-Regular.ttf
googlefontdirectory/ofl/arapey/Arapey-Italic.ttf
googlefontdirectory/ofl/arapey/Arapey-Regular.ttf
googlefontdirectory/ofl/arbutus/Arbutus-Regular.ttf
googlefontdirectory/ofl/arbutusslab/ArbutusSlab-Regular.ttf
googlefontdirectory/ofl/architectsdaughter/ArchitectsDaughter.ttf
googlefontdirectory/ofl/archivoblack/ArchivoBlack-Regular.ttf
googlefontdirectory/ofl/archivonarrow/ArchivoNarrow-Bold.ttf
googlefontdirectory/ofl/archivonarrow/ArchivoNarrow-BoldItalic.ttf
googlefontdirectory/ofl/archivonarrow/ArchivoNarrow-Italic.ttf
googlefontdirectory/ofl/archivonarrow/ArchivoNarrow-Regular.ttf
googlefontdirectory/ofl/arizonia/Arizonia-Regular.ttf
googlefontdirectory/ofl/armata/Armata-Regular.ttf
googlefontdirectory/ofl/artifika/Artifika-Regular.ttf
googlefontdirectory/ofl/arvo/Arvo-Bold.ttf
googlefontdirectory/ofl/arvo/Arvo-BoldItalic.ttf
googlefontdirectory/ofl/arvo/Arvo-Italic.ttf
googlefontdirectory/ofl/arvo/Arvo-Regular.ttf
googlefontdirectory/ofl/asap/Asap-Bold.ttf
googlefontdirectory/ofl/asap/Asap-BoldItalic.ttf
googlefontdirectory/ofl/asap/Asap-Italic.ttf
googlefontdirectory/ofl/asap/Asap-Regular.ttf
googlefontdirectory/ofl/asset/Asset.ttf
googlefontdirectory/ofl/astloch/Astloch-Bold.ttf
googlefontdirectory/ofl/astloch/Astloch-Regular.ttf
googlefontdirectory/ofl/astloch/src/Astloch-Bold-TTF_FF.ttf
googlefontdirectory/ofl/astloch/src/Astloch-Bold-TTF_FLS.ttf
googlefontdirectory/ofl/astloch/src/Astloch-Regular-TTF_FF.ttf
googlefontdirectory/ofl/astloch/src/Astloch-Regular-TTF_FLS.ttf
googlefontdirectory/ofl/asul/Asul-Bold.ttf
googlefontdirectory/ofl/asul/Asul-Regular.ttf
googlefontdirectory/ofl/atomicage/AtomicAge-Regular.ttf
googlefontdirectory/ofl/aubrey/Aubrey-Regular.ttf
googlefontdirectory/ofl/audiowide/Audiowide-Regular.ttf
googlefontdirectory/ofl/autourone/AutourOne-Regular.ttf
googlefontdirectory/ofl/average/Average-Regular.ttf
googlefontdirectory/ofl/averagesans/AverageSans-Regular.ttf
googlefontdirectory/ofl/averiagruesalibre/AveriaGruesaLibre-Regular.ttf
googlefontdirectory/ofl/averialibre/AveriaLibre-Bold.ttf
googlefontdirectory/ofl/averialibre/AveriaLibre-BoldItalic.ttf
googlefontdirectory/ofl/averialibre/AveriaLibre-Italic.ttf
googlefontdirectory/ofl/averialibre/AveriaLibre-Light.ttf
googlefontdirectory/ofl/averialibre/AveriaLibre-LightItalic.ttf
googlefontdirectory/ofl/averialibre/AveriaLibre-Regular.ttf
googlefontdirectory/ofl/averiasanslibre/AveriaSansLibre-Bold.ttf
googlefontdirectory/ofl/averiasanslibre/AveriaSansLibre-BoldItalic.ttf
googlefontdirectory/ofl/averiasanslibre/AveriaSansLibre-Italic.ttf
googlefontdirectory/ofl/averiasanslibre/AveriaSansLibre-Light.ttf
googlefontdirectory/ofl/averiasanslibre/AveriaSansLibre-LightItalic.ttf
googlefontdirectory/ofl/averiasanslibre/AveriaSansLibre-Regular.ttf
googlefontdirectory/ofl/averiaseriflibre/AveriaSerifLibre-Bold.ttf
googlefontdirectory/ofl/averiaseriflibre/AveriaSerifLibre-BoldItalic.ttf
googlefontdirectory/ofl/averiaseriflibre/AveriaSerifLibre-Italic.ttf
googlefontdirectory/ofl/averiaseriflibre/AveriaSerifLibre-Light.ttf
googlefontdirectory/ofl/averiaseriflibre/AveriaSerifLibre-LightItalic.ttf
googlefontdirectory/ofl/averiaseriflibre/AveriaSerifLibre-Regular.ttf
googlefontdirectory/ofl/badscript/BadScript-Regular.ttf
googlefontdirectory/ofl/balthazar/Balthazar-Regular.ttf
googlefontdirectory/ofl/balthazar/src/Balthazar-Regular.ttf
googlefontdirectory/ofl/bangers/Bangers.ttf
googlefontdirectory/ofl/basic/Basic-Regular.ttf
googlefontdirectory/ofl/baumans/Baumans-Regular.ttf
googlefontdirectory/ofl/belgrano/Belgrano-Regular.ttf
googlefontdirectory/ofl/belleza/Belleza-Regular.ttf
googlefontdirectory/ofl/benchnine/BenchNine-Bold.ttf
googlefontdirectory/ofl/benchnine/BenchNine-Light.ttf
googlefontdirectory/ofl/benchnine/BenchNine-Regular.ttf
googlefontdirectory/ofl/benchnine/src/BenchNine-Bold-unhinted.ttf
googlefontdirectory/ofl/benchnine/src/BenchNine-Light-unhinted.ttf
googlefontdirectory/ofl/benchnine/src/BenchNine-Regular-unhinted.ttf
googlefontdirectory/ofl/bentham/Bentham-Regular.ttf
googlefontdirectory/ofl/berkshireswash/BerkshireSwash-Regular.ttf
googlefontdirectory/ofl/bevan/Bevan.ttf
googlefontdirectory/ofl/bevan/src/ikern/Bevan.ttf
googlefontdirectory/ofl/bevan/src/ikern/Bevan_ik.ttf
googlefontdirectory/ofl/bevan/src/VTT/Bevan_VTT - Copy.ttf
googlefontdirectory/ofl/bevan/src/VTT/Bevan_VTT.ttf
googlefontdirectory/ofl/bevan/src/VTT/Bevan_VTT2.ttf
googlefontdirectory/ofl/bevan/src/VTT/BevanFLAB.ttf
googlefontdirectory/ofl/bigelowrules/BigelowRules-Regular.ttf
googlefontdirectory/ofl/bigshotone/BigshotOne.ttf
googlefontdirectory/ofl/bilbo/Bilbo-Regular.ttf
googlefontdirectory/ofl/bilboswashcaps/BilboSwashCaps-Regular.ttf
googlefontdirectory/ofl/bitter/Bitter-Bold.ttf
googlefontdirectory/ofl/bitter/Bitter-Italic.ttf
googlefontdirectory/ofl/bitter/Bitter-Regular.ttf
googlefontdirectory/ofl/blackopsone/BlackOpsOne-Regular.ttf
googlefontdirectory/ofl/bonbon/Bonbon-Regular.ttf
googlefontdirectory/ofl/boogaloo/Boogaloo-Regular.ttf
googlefontdirectory/ofl/bowlbyone/BowlbyOne-Regular.ttf
googlefontdirectory/ofl/bowlbyonesc/BowlbyOneSC-Regular.ttf
googlefontdirectory/ofl/brawler/Brawler-Regular.ttf
googlefontdirectory/ofl/breeserif/BreeSerif-Regular.ttf
googlefontdirectory/ofl/brunoace/BrunoAce-Regular.ttf
googlefontdirectory/ofl/brunoacesc/BrunoAceSC-Regular.ttf
googlefontdirectory/ofl/bubblegumsans/BubblegumSans-Regular.ttf
googlefontdirectory/ofl/bubblerone/BubblerOne-Regular.ttf
googlefontdirectory/ofl/buda/Buda-Light.ttf
googlefontdirectory/ofl/buenard/Buenard-Bold.ttf
googlefontdirectory/ofl/buenard/Buenard-Regular.ttf
googlefontdirectory/ofl/butcherman/Butcherman-Regular.ttf
googlefontdirectory/ofl/butchermancaps/ButchermanCaps-Regular.ttf
googlefontdirectory/ofl/butterflykids/ButterflyKids-Regular.ttf
googlefontdirectory/ofl/cabin/Cabin-Bold.ttf
googlefontdirectory/ofl/cabin/Cabin-BoldItalic.ttf
googlefontdirectory/ofl/cabin/Cabin-Italic.ttf
googlefontdirectory/ofl/cabin/Cabin-Medium.ttf
googlefontdirectory/ofl/cabin/Cabin-MediumItalic.ttf
googlefontdirectory/ofl/cabin/Cabin-Regular.ttf
googlefontdirectory/ofl/cabin/Cabin-SemiBold.ttf
googlefontdirectory/ofl/cabin/Cabin-SemiBoldItalic.ttf
googlefontdirectory/ofl/cabincondensed/CabinCondensed-Bold.ttf
googlefontdirectory/ofl/cabincondensed/CabinCondensed-Medium.ttf
googlefontdirectory/ofl/cabincondensed/CabinCondensed-Regular.ttf
googlefontdirectory/ofl/cabincondensed/CabinCondensed-SemiBold.ttf
googlefontdirectory/ofl/cabinsketch/CabinSketch-Bold.ttf
googlefontdirectory/ofl/cabinsketch/CabinSketch-Regular.ttf
googlefontdirectory/ofl/caesardressing/CaesarDressing-Regular.ttf
googlefontdirectory/ofl/cagliostro/Cagliostro-Regular.ttf
googlefontdirectory/ofl/cambo/Cambo-Regular.ttf
googlefontdirectory/ofl/candal/Candal.ttf
googlefontdirectory/ofl/cantarell/Cantarell-Bold.ttf
googlefontdirectory/ofl/cantarell/Cantarell-BoldOblique.ttf
googlefontdirectory/ofl/cantarell/Cantarell-Oblique.ttf
googlefontdirectory/ofl/cantarell/Cantarell-Regular.ttf
googlefontdirectory/ofl/cantataone/CantataOne-Regular.ttf
googlefontdirectory/ofl/cantoraone/CantoraOne-Regular.ttf
googlefontdirectory/ofl/capriola/Capriola-Regular.ttf
googlefontdirectory/ofl/cardo/Cardo-Bold.ttf
googlefontdirectory/ofl/cardo/Cardo-Italic.ttf
googlefontdirectory/ofl/cardo/Cardo-Regular.ttf
googlefontdirectory/ofl/carme/Carme-Regular.ttf
googlefontdirectory/ofl/carroisgothic/CarroisGothic-Regular.ttf
googlefontdirectory/ofl/carroisgothic/orig/CarroisGothic-Regular.ttf
googlefontdirectory/ofl/carroisgothicsc/CarroisGothicSC-Regular.ttf
googlefontdirectory/ofl/carroisgothicsc/orig/CarroisGothicSC-Regular.ttf
googlefontdirectory/ofl/carterone/CarterOne.ttf
googlefontdirectory/ofl/caudex/Caudex-Bold.ttf
googlefontdirectory/ofl/caudex/Caudex-BoldItalic.ttf
googlefontdirectory/ofl/caudex/Caudex-Italic.ttf
googlefontdirectory/ofl/caudex/Caudex-Regular.ttf
googlefontdirectory/ofl/cedarvillecursive/Cedarville-Cursive.ttf
googlefontdirectory/ofl/cevicheone/CevicheOne-Regular.ttf
googlefontdirectory/ofl/changa/Changa-Regular.ttf
googlefontdirectory/ofl/changaone/ChangaOne-Italic.ttf
googlefontdirectory/ofl/changaone/ChangaOne-Regular.ttf
googlefontdirectory/ofl/chango/Chango-Regular.ttf
googlefontdirectory/ofl/chauphilomeneone/ChauPhilomeneOne-Italic.ttf
googlefontdirectory/ofl/chauphilomeneone/ChauPhilomeneOne-Regular.ttf
googlefontdirectory/ofl/chelaone/ChelaOne-Regular.ttf
googlefontdirectory/ofl/chelseamarket/ChelseaMarket-Regular.ttf
googlefontdirectory/ofl/cherryswash/CherrySwash-Bold.ttf
googlefontdirectory/ofl/cherryswash/CherrySwash-Regular.ttf
googlefontdirectory/ofl/chicle/Chicle-Regular.ttf
googlefontdirectory/ofl/chivo/Chivo-Black.ttf
googlefontdirectory/ofl/chivo/Chivo-BlackItalic.ttf
googlefontdirectory/ofl/chivo/Chivo-Italic.ttf
googlefontdirectory/ofl/chivo/Chivo-Regular.ttf
googlefontdirectory/ofl/chivo/src/Chivo-Black-VTT.ttf
googlefontdirectory/ofl/chivo/src/Chivo-Regular-VTT.ttf
googlefontdirectory/ofl/cinzel/Cinzel-Black.ttf
googlefontdirectory/ofl/cinzel/Cinzel-Bold.ttf
googlefontdirectory/ofl/cinzel/Cinzel-Regular.ttf
googlefontdirectory/ofl/cinzeldecorative/CinzelDecorative-Black.ttf
googlefontdirectory/ofl/cinzeldecorative/CinzelDecorative-Bold.ttf
googlefontdirectory/ofl/cinzeldecorative/CinzelDecorative-Regular.ttf
googlefontdirectory/ofl/clara/Clara-Regular.ttf
googlefontdirectory/ofl/clickerscript/ClickerScript-Regular.ttf
googlefontdirectory/ofl/coda/Coda-Heavy.ttf
googlefontdirectory/ofl/coda/Coda-Regular.ttf
googlefontdirectory/ofl/codacaption/CodaCaption-Heavy.ttf
googlefontdirectory/ofl/codystar/Codystar-Light.ttf
googlefontdirectory/ofl/codystar/Codystar-Regular.ttf
googlefontdirectory/ofl/combo/Combo-Regular.ttf
googlefontdirectory/ofl/comfortaa/Comfortaa-Bold.ttf
googlefontdirectory/ofl/comfortaa/Comfortaa-Light.ttf
googlefontdirectory/ofl/comfortaa/Comfortaa-Regular.ttf
googlefontdirectory/ofl/concertone/ConcertOne-Regular.ttf
googlefontdirectory/ofl/condiment/Condiment-Regular.ttf
googlefontdirectory/ofl/contrailone/ContrailOne-Regular.ttf
googlefontdirectory/ofl/convergence/Convergence-Regular.ttf
googlefontdirectory/ofl/cookie/Cookie-Regular.ttf
googlefontdirectory/ofl/copse/Copse-Regular.ttf
googlefontdirectory/ofl/copse/src/Copse-Regular-TTF.ttf
googlefontdirectory/ofl/copse/src/Copse-Regular-VTT.ttf
googlefontdirectory/ofl/corben/Corben-Bold.ttf
googlefontdirectory/ofl/corben/Corben-Regular.ttf
googlefontdirectory/ofl/courgette/Courgette-Regular.ttf
googlefontdirectory/ofl/coustard/Coustard-Black.ttf
googlefontdirectory/ofl/coustard/Coustard-Regular.ttf
googlefontdirectory/ofl/coveredbyyourgrace/CoveredByYourGrace.ttf
googlefontdirectory/ofl/creepster/Creepster-Regular.ttf
googlefontdirectory/ofl/creteround/CreteRound-Italic.ttf
googlefontdirectory/ofl/creteround/CreteRound-Regular.ttf
googlefontdirectory/ofl/crimsontext/CrimsonText-Bold.ttf
googlefontdirectory/ofl/crimsontext/CrimsonText-BoldItalic.ttf
googlefontdirectory/ofl/crimsontext/CrimsonText-Italic.ttf
googlefontdirectory/ofl/crimsontext/CrimsonText-Roman.ttf
googlefontdirectory/ofl/crimsontext/CrimsonText-Semibold.ttf
googlefontdirectory/ofl/crimsontext/CrimsonText-SemiboldItalic.ttf
googlefontdirectory/ofl/croissantone/CroissantOne-Regular.ttf
googlefontdirectory/ofl/cuprum/Cuprum-Bold.ttf
googlefontdirectory/ofl/cuprum/Cuprum-BoldItalic.ttf
googlefontdirectory/ofl/cuprum/Cuprum-Italic.ttf
googlefontdirectory/ofl/cuprum/Cuprum-Regular.ttf
googlefontdirectory/ofl/cutive/Cutive-Regular.ttf
googlefontdirectory/ofl/cutivemono/CutiveMono-Regular.ttf
googlefontdirectory/ofl/cutivemono/src/CutiveMono-Regular-unhinted.ttf
googlefontdirectory/ofl/cwtexfangsong/src/cwTeXFangSong.ttf
googlefontdirectory/ofl/cwtexfangsong/src/Quattrocento-Regular.ttf
googlefontdirectory/ofl/cwtexhei/src/Copse-Regular.ttf
googlefontdirectory/ofl/cwtexhei/src/cwTeXHei-ofl.ttf
googlefontdirectory/ofl/cwtexhei/src/cwTeXHei.ttf
googlefontdirectory/ofl/cwtexkai/src/cwTeXKai-ofl.ttf
googlefontdirectory/ofl/cwtexkai/src/cwTeXKai.ttf
googlefontdirectory/ofl/cwtexkai/src/Vollkorn-Regular.ttf
googlefontdirectory/ofl/cwtexming/src/cwTeXMing-ofl.ttf
googlefontdirectory/ofl/cwtexming/src/cwTeXMing.ttf
googlefontdirectory/ofl/cwtexming/src/Quattrocento-Regular.ttf
googlefontdirectory/ofl/cwtexyen/src/cwTeXYen-ofl.ttf
googlefontdirectory/ofl/cwtexyen/src/cwTeXYen.ttf
googlefontdirectory/ofl/damion/Damion-Regular.ttf
googlefontdirectory/ofl/dancingscript/DancingScript-Bold.ttf
googlefontdirectory/ofl/dancingscript/DancingScript-Regular.ttf
googlefontdirectory/ofl/dancingscript/src/DancingScript-Bold-VTT.ttf
googlefontdirectory/ofl/dancingscript/src/DancingScript-Regular-VTT.ttf
googlefontdirectory/ofl/dawningofanewday/DawningofaNewDay.ttf
googlefontdirectory/ofl/daysone/DaysOne-Regular.ttf
googlefontdirectory/ofl/delius/Delius-Regular.ttf
googlefontdirectory/ofl/deliusswashcaps/DeliusSwashCaps-Regular.ttf
googlefontdirectory/ofl/deliusunicase/DeliusUnicase-Bold.ttf
googlefontdirectory/ofl/deliusunicase/DeliusUnicase-Regular.ttf
googlefontdirectory/ofl/dellarespira/DellaRespira-Regular.ttf
googlefontdirectory/ofl/denkone/DenkOne-Regular.ttf
googlefontdirectory/ofl/devonshire/Devonshire-Regular.ttf
googlefontdirectory/ofl/dhyana/Dhyana-Bold.ttf
googlefontdirectory/ofl/dhyana/Dhyana-Regular.ttf
googlefontdirectory/ofl/didactgothic/DidactGothic.ttf
googlefontdirectory/ofl/diplomata/Diplomata-Regular.ttf
googlefontdirectory/ofl/diplomatasc/DiplomataSC-Regular.ttf
googlefontdirectory/ofl/domine/Domine-Bold.ttf
googlefontdirectory/ofl/domine/Domine-Regular.ttf
googlefontdirectory/ofl/donegalone/DonegalOne-Regular.ttf
googlefontdirectory/ofl/doppioone/DoppioOne-Regular.ttf
googlefontdirectory/ofl/dorsa/Dorsa-Regular.ttf
googlefontdirectory/ofl/dosis/Dosis-Bold.ttf
googlefontdirectory/ofl/dosis/Dosis-ExtraBold.ttf
googlefontdirectory/ofl/dosis/Dosis-ExtraLight.ttf
googlefontdirectory/ofl/dosis/Dosis-Light.ttf
googlefontdirectory/ofl/dosis/Dosis-Medium.ttf
googlefontdirectory/ofl/dosis/Dosis-Regular.ttf
googlefontdirectory/ofl/dosis/Dosis-SemiBold.ttf
googlefontdirectory/ofl/drsugiyama/DrSugiyama-Regular.ttf
googlefontdirectory/ofl/durusans/DuruSans-Regular.ttf
googlefontdirectory/ofl/dynalight/Dynalight-Regular.ttf
googlefontdirectory/ofl/eaglelake/EagleLake-Regular.ttf
googlefontdirectory/ofl/eater/Eater-Regular.ttf
googlefontdirectory/ofl/eatercaps/EaterCaps-Regular.ttf
googlefontdirectory/ofl/ebgaramond/EBGaramond-Regular.ttf
googlefontdirectory/ofl/economica/Economica-Bold.ttf
googlefontdirectory/ofl/economica/Economica-BoldItalic.ttf
googlefontdirectory/ofl/economica/Economica-Italic.ttf
googlefontdirectory/ofl/economica/Economica-Regular.ttf
googlefontdirectory/ofl/electrolize/Electrolize-Regular.ttf
googlefontdirectory/ofl/elsie/Elsie-Black.ttf
googlefontdirectory/ofl/elsie/Elsie-Regular.ttf
googlefontdirectory/ofl/elsieswashcaps/ElsieSwashCaps-Black.ttf
googlefontdirectory/ofl/elsieswashcaps/ElsieSwashCaps-Regular.ttf
googlefontdirectory/ofl/emblemaone/EmblemaOne-Regular.ttf
googlefontdirectory/ofl/emilyscandy/EmilysCandy-Regular.ttf
googlefontdirectory/ofl/engagement/Engagement-Regular.ttf
googlefontdirectory/ofl/englebert/Englebert-Regular.ttf
googlefontdirectory/ofl/enriqueta/Enriqueta-Bold.ttf
googlefontdirectory/ofl/enriqueta/Enriqueta-Regular.ttf
googlefontdirectory/ofl/ericaone/EricaOne-Regular.ttf
googlefontdirectory/ofl/esteban/Esteban-Regular.ttf
googlefontdirectory/ofl/euphoriascript/EuphoriaScript-Regular.ttf
googlefontdirectory/ofl/ewert/Ewert-Regular.ttf
googlefontdirectory/ofl/exo/Exo-Black.ttf
googlefontdirectory/ofl/exo/Exo-BlackItalic.ttf
googlefontdirectory/ofl/exo/Exo-Bold.ttf
googlefontdirectory/ofl/exo/Exo-BoldItalic.ttf
googlefontdirectory/ofl/exo/Exo-ExtraBold.ttf
googlefontdirectory/ofl/exo/Exo-ExtraBoldItalic.ttf
googlefontdirectory/ofl/exo/Exo-ExtraLight.ttf
googlefontdirectory/ofl/exo/Exo-ExtraLightItalic.ttf
googlefontdirectory/ofl/exo/Exo-Italic.ttf
googlefontdirectory/ofl/exo/Exo-Light.ttf
googlefontdirectory/ofl/exo/Exo-LightItalic.ttf
googlefontdirectory/ofl/exo/Exo-Medium.ttf
googlefontdirectory/ofl/exo/Exo-MediumItalic.ttf
googlefontdirectory/ofl/exo/Exo-Regular.ttf
googlefontdirectory/ofl/exo/Exo-SemiBold.ttf
googlefontdirectory/ofl/exo/Exo-SemiBoldItalic.ttf
googlefontdirectory/ofl/exo/Exo-Thin.ttf
googlefontdirectory/ofl/exo/Exo-ThinItalic.ttf
googlefontdirectory/ofl/exo2/Exo2-Black.ttf
googlefontdirectory/ofl/exo2/Exo2-BlackItalic.ttf
googlefontdirectory/ofl/exo2/Exo2-Bold.ttf
googlefontdirectory/ofl/exo2/Exo2-BoldItalic.ttf
googlefontdirectory/ofl/exo2/Exo2-ExtraBold.ttf
googlefontdirectory/ofl/exo2/Exo2-ExtraBoldItalic.ttf
googlefontdirectory/ofl/exo2/Exo2-ExtraLight.ttf
googlefontdirectory/ofl/exo2/Exo2-ExtraLightItalic.ttf
googlefontdirectory/ofl/exo2/Exo2-Italic.ttf
googlefontdirectory/ofl/exo2/Exo2-Light.ttf
googlefontdirectory/ofl/exo2/Exo2-LightItalic.ttf
googlefontdirectory/ofl/exo2/Exo2-Medium.ttf
googlefontdirectory/ofl/exo2/Exo2-MediumItalic.ttf
googlefontdirectory/ofl/exo2/Exo2-Regular.ttf
googlefontdirectory/ofl/exo2/Exo2-SemiBold.ttf
googlefontdirectory/ofl/exo2/Exo2-SemiBoldItalic.ttf
googlefontdirectory/ofl/exo2/Exo2-Thin.ttf
googlefontdirectory/ofl/exo2/Exo2-ThinItalic.ttf
googlefontdirectory/ofl/expletussans/ExpletusSans-Bold.ttf
googlefontdirectory/ofl/expletussans/ExpletusSans-BoldItalic.ttf
googlefontdirectory/ofl/expletussans/ExpletusSans-Italic.ttf
googlefontdirectory/ofl/expletussans/ExpletusSans-Medium.ttf
googlefontdirectory/ofl/expletussans/ExpletusSans-MediumItalic.ttf
googlefontdirectory/ofl/expletussans/ExpletusSans-Regular.ttf
googlefontdirectory/ofl/expletussans/ExpletusSans-SemiBold.ttf
googlefontdirectory/ofl/expletussans/ExpletusSans-SemiBoldItalic.ttf
googlefontdirectory/ofl/fanwoodtext/FanwoodText-Italic.ttf
googlefontdirectory/ofl/fanwoodtext/FanwoodText-Regular.ttf
googlefontdirectory/ofl/fascinate/Fascinate-Regular.ttf
googlefontdirectory/ofl/fascinateinline/FascinateInline-Regular.ttf
googlefontdirectory/ofl/fasterone/FasterOne-Regular.ttf
googlefontdirectory/ofl/faunaone/FaunaOne-Regular.ttf
googlefontdirectory/ofl/federant/Federant-Regular.ttf
googlefontdirectory/ofl/federo/Federo-Regular.ttf
googlefontdirectory/ofl/felipa/Felipa-Regular.ttf
googlefontdirectory/ofl/fenix/Fenix-Regular.ttf
googlefontdirectory/ofl/fingerpaint/FingerPaint-Regular.ttf
googlefontdirectory/ofl/fingerpaint/orig/FingerPaint-Regular.ttf
googlefontdirectory/ofl/firamono/FiraMono-Bold.ttf
googlefontdirectory/ofl/firamono/FiraMono-Regular.ttf
googlefontdirectory/ofl/firasans/FiraSans-Bold.ttf
googlefontdirectory/ofl/firasans/FiraSans-BoldItalic.ttf
googlefontdirectory/ofl/firasans/FiraSans-Italic.ttf
googlefontdirectory/ofl/firasans/FiraSans-Light.ttf
googlefontdirectory/ofl/firasans/FiraSans-LightItalic.ttf
googlefontdirectory/ofl/firasans/FiraSans-Medium.ttf
googlefontdirectory/ofl/firasans/FiraSans-MediumItalic.ttf
googlefontdirectory/ofl/firasans/FiraSans-Regular.ttf
googlefontdirectory/ofl/fjallaone/FjallaOne-Regular.ttf
googlefontdirectory/ofl/fjordone/FjordOne-Regular.ttf
googlefontdirectory/ofl/flamenco/Flamenco-Light.ttf
googlefontdirectory/ofl/flamenco/Flamenco-Regular.ttf
googlefontdirectory/ofl/flavors/Flavors-Regular.ttf
googlefontdirectory/ofl/fondamento/Fondamento-Italic.ttf
googlefontdirectory/ofl/fondamento/Fondamento-Regular.ttf
googlefontdirectory/ofl/forum/Forum-Regular.ttf
googlefontdirectory/ofl/francoisone/FrancoisOne.ttf
googlefontdirectory/ofl/freckleface/FreckleFace-Regular.ttf
googlefontdirectory/ofl/frederickathegreat/FrederickatheGreat-Regular.ttf
googlefontdirectory/ofl/fredokaone/FredokaOne-Regular.ttf
googlefontdirectory/ofl/fresca/Fresca-Regular.ttf
googlefontdirectory/ofl/frijole/Frijole-Regular.ttf
googlefontdirectory/ofl/fruktur/Fruktur-Regular.ttf
googlefontdirectory/ofl/fugazone/FugazOne-Regular.ttf
googlefontdirectory/ofl/gabriela/Gabriela-Regular.ttf
googlefontdirectory/ofl/gafata/Gafata-Regular.ttf
googlefontdirectory/ofl/gafata/src/Gafata-Regular-before_ttfautohint.ttf
googlefontdirectory/ofl/galdeano/Galdeano-Regular.ttf
googlefontdirectory/ofl/galindo/Galindo-Regular.ttf
googlefontdirectory/ofl/gentiumbasic/GenBasB.ttf
googlefontdirectory/ofl/gentiumbasic/GenBasBI.ttf
googlefontdirectory/ofl/gentiumbasic/GenBasI.ttf
googlefontdirectory/ofl/gentiumbasic/GenBasR.ttf
googlefontdirectory/ofl/gentiumbookbasic/GenBkBasB.ttf
googlefontdirectory/ofl/gentiumbookbasic/GenBkBasBI.ttf
googlefontdirectory/ofl/gentiumbookbasic/GenBkBasI.ttf
googlefontdirectory/ofl/gentiumbookbasic/GenBkBasR.ttf
googlefontdirectory/ofl/geo/Geo-Oblique.ttf
googlefontdirectory/ofl/geo/Geo-Regular.ttf
googlefontdirectory/ofl/geostar/Geostar-Regular.ttf
googlefontdirectory/ofl/geostarfill/GeostarFill-Regular.ttf
googlefontdirectory/ofl/germaniaone/GermaniaOne-Regular.ttf
googlefontdirectory/ofl/gfsdidot/GFSDidot-Regular.ttf
googlefontdirectory/ofl/gfsdidot/src/GFSDidot.ttf
googlefontdirectory/ofl/gfsdidot/src/GFSDidotBold.ttf
googlefontdirectory/ofl/gfsdidot/src/GFSDidotBoldItalic.ttf
googlefontdirectory/ofl/gfsdidot/src/GFSDidotItalic.ttf
googlefontdirectory/ofl/gfsneohellenic/GFSNeohellenic.ttf
googlefontdirectory/ofl/gfsneohellenic/GFSNeohellenicBold.ttf
googlefontdirectory/ofl/gfsneohellenic/GFSNeohellenicBoldItalic.ttf
googlefontdirectory/ofl/gfsneohellenic/GFSNeohellenicItalic.ttf
googlefontdirectory/ofl/gfsneohellenic/src/GFSNeohellenic.ttf
googlefontdirectory/ofl/gfsneohellenic/src/GFSNeohellenicBold.ttf
googlefontdirectory/ofl/gfsneohellenic/src/GFSNeohellenicBoldItalic.ttf
googlefontdirectory/ofl/gfsneohellenic/src/GFSNeohellenicItalic.ttf
googlefontdirectory/ofl/gildadisplay/GildaDisplay-Regular.ttf
googlefontdirectory/ofl/giveyouglory/GiveYouGlory.ttf
googlefontdirectory/ofl/glassantiqua/GlassAntiqua-Regular.ttf
googlefontdirectory/ofl/glegoo/Glegoo-Regular.ttf
googlefontdirectory/ofl/gloriahallelujah/GloriaHallelujah.ttf
googlefontdirectory/ofl/goblinone/GoblinOne.ttf
googlefontdirectory/ofl/gochihand/GochiHand-Regular.ttf
googlefontdirectory/ofl/gorditas/Gorditas-Bold.ttf
googlefontdirectory/ofl/gorditas/Gorditas-Regular.ttf
googlefontdirectory/ofl/goudybookletter1911/GoudyBookletter1911.ttf
googlefontdirectory/ofl/graduate/Graduate-Regular.ttf
googlefontdirectory/ofl/grandhotel/GrandHotel-Regular.ttf
googlefontdirectory/ofl/gravitasone/GravitasOne.ttf
googlefontdirectory/ofl/greatvibes/GreatVibes-Regular.ttf
googlefontdirectory/ofl/griffy/Griffy-Regular.ttf
googlefontdirectory/ofl/gruppo/Gruppo-Regular.ttf
googlefontdirectory/ofl/gudea/Gudea-Bold.ttf
googlefontdirectory/ofl/gudea/Gudea-Italic.ttf
googlefontdirectory/ofl/gudea/Gudea-Regular.ttf
googlefontdirectory/ofl/habibi/Habibi-Regular.ttf
googlefontdirectory/ofl/hammersmithone/HammersmithOne-Regular.ttf
googlefontdirectory/ofl/hanalei/Hanalei-Regular.ttf
googlefontdirectory/ofl/hanaleifill/HanaleiFill-Regular.ttf
googlefontdirectory/ofl/handlee/Handlee-Regular.ttf
googlefontdirectory/ofl/hanna/BM-HANNA.ttf
googlefontdirectory/ofl/hanuman/Hanuman.ttf
googlefontdirectory/ofl/hanuman/Hanumanb.ttf
googlefontdirectory/ofl/happymonkey/HappyMonkey-Regular.ttf
googlefontdirectory/ofl/headlandone/HeadlandOne-Regular.ttf
googlefontdirectory/ofl/hennypenny/HennyPenny-Regular.ttf
googlefontdirectory/ofl/hermeneusone/HermeneusOne-Regular.ttf
googlefontdirectory/ofl/herrvonmuellerhoff/HerrVonMuellerhoff-Regular.ttf
googlefontdirectory/ofl/holtwoodonesc/HoltwoodOneSC.ttf
googlefontdirectory/ofl/homenaje/Homenaje-Regular.ttf
googlefontdirectory/ofl/iceberg/Iceberg-Regular.ttf
googlefontdirectory/ofl/iceland/Iceland-Regular.ttf
googlefontdirectory/ofl/imfelldoublepica/IMFeDPit28P.ttf
googlefontdirectory/ofl/imfelldoublepica/IMFeDPrm28P.ttf
googlefontdirectory/ofl/imfelldoublepicasc/IMFeDPsc28P.ttf
googlefontdirectory/ofl/imfelldwpica/IMFePIit28P.ttf
googlefontdirectory/ofl/imfelldwpica/IMFePIrm28P.ttf
googlefontdirectory/ofl/imfelldwpicasc/IMFePIsc28P.ttf
googlefontdirectory/ofl/imfellenglish/IMFeENit28P.ttf
googlefontdirectory/ofl/imfellenglish/IMFeENrm28P.ttf
googlefontdirectory/ofl/imfellenglishsc/IMFeENsc28P.ttf
googlefontdirectory/ofl/imfellfrenchcanon/IMFeFCit28P.ttf
googlefontdirectory/ofl/imfellfrenchcanon/IMFeFCrm28P.ttf
googlefontdirectory/ofl/imfellfrenchcanonsc/IMFeFCsc28P.ttf
googlefontdirectory/ofl/imfellgreatprimer/IMFeGPit28P.ttf
googlefontdirectory/ofl/imfellgreatprimer/IMFeGPrm28P.ttf
googlefontdirectory/ofl/imfellgreatprimersc/IMFeGPsc28P.ttf
googlefontdirectory/ofl/imprima/Imprima-Regular.ttf
googlefontdirectory/ofl/inconsolata/Inconsolata-Bold.ttf
googlefontdirectory/ofl/inconsolata/Inconsolata-Regular.ttf
googlefontdirectory/ofl/inder/Inder-Regular.ttf
googlefontdirectory/ofl/indieflower/IndieFlower.ttf
googlefontdirectory/ofl/inika/Inika-Bold.ttf
googlefontdirectory/ofl/inika/Inika-Regular.ttf
googlefontdirectory/ofl/istokweb/IstokWeb-Bold.ttf
googlefontdirectory/ofl/istokweb/IstokWeb-BoldItalic.ttf
googlefontdirectory/ofl/istokweb/IstokWeb-Italic.ttf
googlefontdirectory/ofl/istokweb/IstokWeb-Regular.ttf
googlefontdirectory/ofl/italiana/Italiana-Regular.ttf
googlefontdirectory/ofl/italianno/Italianno-Regular.ttf
googlefontdirectory/ofl/jacquesfrancois/JacquesFrancois-Regular.ttf
googlefontdirectory/ofl/jacquesfrancoisshadow/JacquesFrancoisShadow-Regular.ttf
googlefontdirectory/ofl/jimnightshade/JimNightshade-Regular.ttf
googlefontdirectory/ofl/jockeyone/JockeyOne-Regular.ttf
googlefontdirectory/ofl/jollylodger/JollyLodger-Regular.ttf
googlefontdirectory/ofl/jomolhari/Jomolhari-alpha3c-0605331.ttf
googlefontdirectory/ofl/josefinsans/JosefinSans-Bold.ttf
googlefontdirectory/ofl/josefinsans/JosefinSans-BoldItalic.ttf
googlefontdirectory/ofl/josefinsans/JosefinSans-Italic.ttf
googlefontdirectory/ofl/josefinsans/JosefinSans-Light.ttf
googlefontdirectory/ofl/josefinsans/JosefinSans-LightItalic.ttf
googlefontdirectory/ofl/josefinsans/JosefinSans-Regular.ttf
googlefontdirectory/ofl/josefinsans/JosefinSans-SemiBold.ttf
googlefontdirectory/ofl/josefinsans/JosefinSans-SemiBoldItalic.ttf
googlefontdirectory/ofl/josefinsans/JosefinSans-Thin.ttf
googlefontdirectory/ofl/josefinsans/JosefinSans-ThinItalic.ttf
googlefontdirectory/ofl/josefinsansstdlight/JosefinSansStd-Light.ttf
googlefontdirectory/ofl/josefinslab/JosefinSlab-Bold.ttf
googlefontdirectory/ofl/josefinslab/JosefinSlab-BoldItalic.ttf
googlefontdirectory/ofl/josefinslab/JosefinSlab-Italic.ttf
googlefontdirectory/ofl/josefinslab/JosefinSlab-Light.ttf
googlefontdirectory/ofl/josefinslab/JosefinSlab-LightItalic.ttf
googlefontdirectory/ofl/josefinslab/JosefinSlab-Regular.ttf
googlefontdirectory/ofl/josefinslab/JosefinSlab-SemiBold.ttf
googlefontdirectory/ofl/josefinslab/JosefinSlab-SemiBoldItalic.ttf
googlefontdirectory/ofl/josefinslab/JosefinSlab-Thin.ttf
googlefontdirectory/ofl/josefinslab/JosefinSlab-ThinItalic.ttf
googlefontdirectory/ofl/jotione/JotiOne-Regular.ttf
googlefontdirectory/ofl/judson/Judson-Bold.ttf
googlefontdirectory/ofl/judson/Judson-Italic.ttf
googlefontdirectory/ofl/judson/Judson-Regular.ttf
googlefontdirectory/ofl/julee/Julee-Regular.ttf
googlefontdirectory/ofl/juliussansone/JuliusSansOne-Regular.ttf
googlefontdirectory/ofl/junge/Junge-Regular.ttf
googlefontdirectory/ofl/jura/Jura-DemiBold.ttf
googlefontdirectory/ofl/jura/Jura-Light.ttf
googlefontdirectory/ofl/jura/Jura-Medium.ttf
googlefontdirectory/ofl/jura/Jura-Regular.ttf
googlefontdirectory/ofl/justmeagaindownhere/JustMeAgainDownHere.ttf
googlefontdirectory/ofl/kameron/Kameron-Bold.ttf
googlefontdirectory/ofl/kameron/Kameron-Regular.ttf
googlefontdirectory/ofl/karla/Karla-Bold.ttf
googlefontdirectory/ofl/karla/Karla-BoldItalic.ttf
googlefontdirectory/ofl/karla/Karla-Italic.ttf
googlefontdirectory/ofl/karla/Karla-Regular.ttf
googlefontdirectory/ofl/kaushanscript/KaushanScript-Regular.ttf
googlefontdirectory/ofl/kavoon/Kavoon-Regular.ttf
googlefontdirectory/ofl/keaniaone/KeaniaOne-Regular.ttf
googlefontdirectory/ofl/kellyslab/KellySlab-Regular.ttf
googlefontdirectory/ofl/kenia/Kenia-Regular.ttf
googlefontdirectory/ofl/kiteone/KiteOne-Regular.ttf
googlefontdirectory/ofl/knewave/Knewave-Regular.ttf
googlefontdirectory/ofl/kottaone/KottaOne-Regular.ttf
googlefontdirectory/ofl/kreon/Kreon-Bold.ttf
googlefontdirectory/ofl/kreon/Kreon-Light.ttf
googlefontdirectory/ofl/kreon/Kreon-Regular.ttf
googlefontdirectory/ofl/kristi/Kristi.ttf
googlefontdirectory/ofl/kronaone/KronaOne-Regular.ttf
googlefontdirectory/ofl/labelleaurore/LaBelleAurore.ttf
googlefontdirectory/ofl/lancelot/Lancelot-Regular.ttf
googlefontdirectory/ofl/lateef/LateefRegOT.ttf
googlefontdirectory/ofl/lato/Lato-Black.ttf
googlefontdirectory/ofl/lato/Lato-BlackItalic.ttf
googlefontdirectory/ofl/lato/Lato-Bold.ttf
googlefontdirectory/ofl/lato/Lato-BoldItalic.ttf
googlefontdirectory/ofl/lato/Lato-Hairline.ttf
googlefontdirectory/ofl/lato/Lato-HairlineItalic.ttf
googlefontdirectory/ofl/lato/Lato-Italic.ttf
googlefontdirectory/ofl/lato/Lato-Light.ttf
googlefontdirectory/ofl/lato/Lato-LightItalic.ttf
googlefontdirectory/ofl/lato/Lato-Regular.ttf
googlefontdirectory/ofl/leaguescript/LeagueScript.ttf
googlefontdirectory/ofl/leckerlione/LeckerliOne-Regular.ttf
googlefontdirectory/ofl/ledger/Ledger-Regular.ttf
googlefontdirectory/ofl/lekton/Lekton-Bold.ttf
googlefontdirectory/ofl/lekton/Lekton-Italic.ttf
googlefontdirectory/ofl/lekton/Lekton-Regular.ttf
googlefontdirectory/ofl/lemon/Lemon-Regular.ttf
googlefontdirectory/ofl/lemonone/LemonOne-Regular.ttf
googlefontdirectory/ofl/librebaskerville/LibreBaskerville-Bold.ttf
googlefontdirectory/ofl/librebaskerville/LibreBaskerville-Italic.ttf
googlefontdirectory/ofl/librebaskerville/LibreBaskerville-Regular.ttf
googlefontdirectory/ofl/librecaslontext/LibreCaslonText-Bold.ttf
googlefontdirectory/ofl/librecaslontext/LibreCaslonText-Italic.ttf
googlefontdirectory/ofl/librecaslontext/LibreCaslonText-Regular.ttf
googlefontdirectory/ofl/lifesavers/LifeSavers-Bold.ttf
googlefontdirectory/ofl/lifesavers/LifeSavers-Regular.ttf
googlefontdirectory/ofl/lilitaone/LilitaOne-Regular.ttf
googlefontdirectory/ofl/lilyscriptone/LilyScriptOne-Regular.ttf
googlefontdirectory/ofl/limelight/Limelight-Regular.ttf
googlefontdirectory/ofl/lindenhill/LindenHill-Italic.ttf
googlefontdirectory/ofl/lindenhill/LindenHill-Regular.ttf
googlefontdirectory/ofl/lobster/Lobster.ttf
googlefontdirectory/ofl/lobster/src/Lobster-Cyrillic-TTF.ttf
googlefontdirectory/ofl/lobstertwo/LobsterTwo-Bold.ttf
googlefontdirectory/ofl/lobstertwo/LobsterTwo-BoldItalic.ttf
googlefontdirectory/ofl/lobstertwo/LobsterTwo-Italic.ttf
googlefontdirectory/ofl/lobstertwo/LobsterTwo-Regular.ttf
googlefontdirectory/ofl/londrinaoutline/LondrinaOutline-Regular.ttf
googlefontdirectory/ofl/londrinashadow/LondrinaShadow-Regular.ttf
googlefontdirectory/ofl/londrinasketch/LondrinaSketch-Regular.ttf
googlefontdirectory/ofl/londrinasolid/LondrinaSolid-Regular.ttf
googlefontdirectory/ofl/lora/Lora-Bold.ttf
googlefontdirectory/ofl/lora/Lora-BoldItalic.ttf
googlefontdirectory/ofl/lora/Lora-Italic.ttf
googlefontdirectory/ofl/lora/Lora-Regular.ttf
googlefontdirectory/ofl/lovedbytheking/LovedbytheKing.ttf
googlefontdirectory/ofl/loversquarrel/LoversQuarrel-Regular.ttf
googlefontdirectory/ofl/loveyalikeasister/LoveYaLikeASister.ttf
googlefontdirectory/ofl/lusitana/Lusitana-Bold.ttf
googlefontdirectory/ofl/lusitana/Lusitana-Regular.ttf
googlefontdirectory/ofl/lustria/Lustria-Regular.ttf
googlefontdirectory/ofl/macondo/Macondo-Regular.ttf
googlefontdirectory/ofl/macondoswashcaps/MacondoSwashCaps-Regular.ttf
googlefontdirectory/ofl/magra/Magra-Bold.ttf
googlefontdirectory/ofl/magra/Magra-Regular.ttf
googlefontdirectory/ofl/mako/Mako-Regular.ttf
googlefontdirectory/ofl/marcellus/Marcellus-Regular.ttf
googlefontdirectory/ofl/marcellussc/MarcellusSC-Regular.ttf
googlefontdirectory/ofl/marckscript/MarckScript-Regular.ttf
googlefontdirectory/ofl/margarine/Margarine-Regular.ttf
googlefontdirectory/ofl/markoone/MarkoOne-Regular.ttf
googlefontdirectory/ofl/marmelad/Marmelad-Regular.ttf
googlefontdirectory/ofl/marvel/Marvel-Bold.ttf
googlefontdirectory/ofl/marvel/Marvel-BoldItalic.ttf
googlefontdirectory/ofl/marvel/Marvel-Italic.ttf
googlefontdirectory/ofl/marvel/Marvel-Regular.ttf
googlefontdirectory/ofl/mate/Mate-Italic.ttf
googlefontdirectory/ofl/mate/Mate-Regular.ttf
googlefontdirectory/ofl/matesc/MateSC-Regular.ttf
googlefontdirectory/ofl/mavenpro/MavenPro-Black.ttf
googlefontdirectory/ofl/mavenpro/MavenPro-Bold.ttf
googlefontdirectory/ofl/mavenpro/MavenPro-Medium.ttf
googlefontdirectory/ofl/mavenpro/MavenPro-Regular.ttf
googlefontdirectory/ofl/mavenpro/src/MavenPro-Black-VTT.ttf
googlefontdirectory/ofl/mavenpro/src/MavenPro-Bold-VTT.ttf
googlefontdirectory/ofl/mavenpro/src/MavenPro-Medium-VTT.ttf
googlefontdirectory/ofl/mavenpro/src/MavenPro-Regular-VTT.ttf
googlefontdirectory/ofl/mclaren/McLaren-Regular.ttf
googlefontdirectory/ofl/meddon/Meddon.ttf
googlefontdirectory/ofl/medievalsharp/MedievalSharp.ttf
googlefontdirectory/ofl/medulaone/MedulaOne-Regular.ttf
googlefontdirectory/ofl/megrim/Megrim.ttf
googlefontdirectory/ofl/meiescript/MeieScript-Regular.ttf
googlefontdirectory/ofl/mergeone/MergeOne-Regular.ttf
googlefontdirectory/ofl/merienda/Merienda-Bold.ttf
googlefontdirectory/ofl/merienda/Merienda-Regular.ttf
googlefontdirectory/ofl/meriendaone/MeriendaOne-Regular.ttf
googlefontdirectory/ofl/merriweather/Merriweather-Black.ttf
googlefontdirectory/ofl/merriweather/Merriweather-Bold.ttf
googlefontdirectory/ofl/merriweather/Merriweather-BoldItalic.ttf
googlefontdirectory/ofl/merriweather/Merriweather-HeavyItalic.ttf
googlefontdirectory/ofl/merriweather/Merriweather-Italic.ttf
googlefontdirectory/ofl/merriweather/Merriweather-Light.ttf
googlefontdirectory/ofl/merriweather/Merriweather-LightItalic.ttf
googlefontdirectory/ofl/merriweather/Merriweather-Regular.ttf
googlefontdirectory/ofl/merriweather/src/Merriweather-BoldItalic.ttf
googlefontdirectory/ofl/merriweather/src/Merriweather-HeavyItalic.ttf
googlefontdirectory/ofl/merriweather/src/Merriweather-Italic.ttf
googlefontdirectory/ofl/merriweather/src/Merriweather-LightItalic.ttf
googlefontdirectory/ofl/merriweathersans/MerriweatherSans-Bold.ttf
googlefontdirectory/ofl/merriweathersans/MerriweatherSans-BoldItalic.ttf
googlefontdirectory/ofl/merriweathersans/MerriweatherSans-ExtraBold.ttf
googlefontdirectory/ofl/merriweathersans/MerriweatherSans-ExtraBoldItalic.ttf
googlefontdirectory/ofl/merriweathersans/MerriweatherSans-Italic.ttf
googlefontdirectory/ofl/merriweathersans/MerriweatherSans-Light.ttf
googlefontdirectory/ofl/merriweathersans/MerriweatherSans-LightItalic.ttf
googlefontdirectory/ofl/merriweathersans/MerriweatherSans-Regular.ttf
googlefontdirectory/ofl/mervalescript/MervaleScript-Regular.ttf
googlefontdirectory/ofl/metalmania/MetalMania-Regular.ttf
googlefontdirectory/ofl/metamorphous/Metamorphous-Regular.ttf
googlefontdirectory/ofl/metrophobic/Metrophobic.ttf
googlefontdirectory/ofl/miama/Miama-Regular.ttf
googlefontdirectory/ofl/miama/src/Miama.ttf
googlefontdirectory/ofl/michroma/Michroma.ttf
googlefontdirectory/ofl/milonga/Milonga-Regular.ttf
googlefontdirectory/ofl/miltonian/Miltonian-Regular.ttf
googlefontdirectory/ofl/miltoniantattoo/MiltonianTattoo-Regular.ttf
googlefontdirectory/ofl/miniver/Miniver-Regular.ttf
googlefontdirectory/ofl/missfajardose/MissFajardose-Regular.ttf
googlefontdirectory/ofl/misssaintdelafield/MrsSaintDelafield-Regular.ttf
googlefontdirectory/ofl/modernantiqua/ModernAntiqua-Regular.ttf
googlefontdirectory/ofl/molengo/Molengo-Regular.ttf
googlefontdirectory/ofl/molengo/src/Molengo-Regular-TTX.ttf
googlefontdirectory/ofl/molle/Molle-Regular.ttf
googlefontdirectory/ofl/monda/Monda-Bold.ttf
googlefontdirectory/ofl/monda/Monda-Regular.ttf
googlefontdirectory/ofl/monda/src/Monda-Bold-unhinted.ttf
googlefontdirectory/ofl/monda/src/Monda-Regular-unhinted.ttf
googlefontdirectory/ofl/monofett/Monofett.ttf
googlefontdirectory/ofl/monoton/Monoton-Regular.ttf
googlefontdirectory/ofl/monsieurladoulaise/MonsieurLaDoulaise-Regular.ttf
googlefontdirectory/ofl/montaga/Montaga-Regular.ttf
googlefontdirectory/ofl/montserrat/Montserrat-Bold.ttf
googlefontdirectory/ofl/montserrat/Montserrat-Regular.ttf
googlefontdirectory/ofl/montserratalternates/MontserratAlternates-Bold.ttf
googlefontdirectory/ofl/montserratalternates/MontserratAlternates-Regular.ttf
googlefontdirectory/ofl/montserratsubrayada/MontserratSubrayada-Bold.ttf
googlefontdirectory/ofl/montserratsubrayada/MontserratSubrayada-Regular.ttf
googlefontdirectory/ofl/mousememoirs/MouseMemoirs-Regular.ttf
googlefontdirectory/ofl/mrbedford/MrBedfort-Regular.ttf
googlefontdirectory/ofl/mrbedfort/MrBedfort-Regular.ttf
googlefontdirectory/ofl/mrdafoe/MrDafoe-Regular.ttf
googlefontdirectory/ofl/mrdehaviland/MrDeHaviland-Regular.ttf
googlefontdirectory/ofl/mrssaintdelafield/MrsSaintDelafield-Regular.ttf
googlefontdirectory/ofl/mrssheppards/MrsSheppards-Regular.ttf
googlefontdirectory/ofl/muli/Muli-Italic.ttf
googlefontdirectory/ofl/muli/Muli-Light.ttf
googlefontdirectory/ofl/muli/Muli-LightItalic.ttf
googlefontdirectory/ofl/muli/Muli-Regular.ttf
googlefontdirectory/ofl/mysteryquest/MysteryQuest-Regular.ttf
googlefontdirectory/ofl/nanumbrushscript/NanumBrushScript-Regular.ttf
googlefontdirectory/ofl/nanumgothic/NanumGothic-Bold.ttf
googlefontdirectory/ofl/nanumgothic/NanumGothic-ExtraBold.ttf
googlefontdirectory/ofl/nanumgothic/NanumGothic-Regular.ttf
googlefontdirectory/ofl/nanumgothiccoding/NanumGothicCoding-Bold.ttf
googlefontdirectory/ofl/nanumgothiccoding/NanumGothicCoding-Regular.ttf
googlefontdirectory/ofl/nanummyeongjo/NanumMyeongjo-Bold.ttf
googlefontdirectory/ofl/nanummyeongjo/NanumMyeongjo-ExtraBold.ttf
googlefontdirectory/ofl/nanummyeongjo/NanumMyeongjo-Regular.ttf
googlefontdirectory/ofl/nanumpenscript/NanumPenScript-Regular.ttf
googlefontdirectory/ofl/neucha/Neucha.ttf
googlefontdirectory/ofl/neucha/src/Neucha-hints.ttf
googlefontdirectory/ofl/neuton/Neuton-Bold.ttf
googlefontdirectory/ofl/neuton/Neuton-ExtraBold.ttf
googlefontdirectory/ofl/neuton/Neuton-ExtraLight.ttf
googlefontdirectory/ofl/neuton/Neuton-Italic.ttf
googlefontdirectory/ofl/neuton/Neuton-Light.ttf
googlefontdirectory/ofl/neuton/Neuton-Regular.ttf
googlefontdirectory/ofl/newrocker/NewRocker-Regular.ttf
googlefontdirectory/ofl/newscycle/NewsCycle-Bold.ttf
googlefontdirectory/ofl/newscycle/NewsCycle-Regular.ttf
googlefontdirectory/ofl/niconne/Niconne-Regular.ttf
googlefontdirectory/ofl/nixieone/NixieOne-Regular.ttf
googlefontdirectory/ofl/nobile/Nobile-Bold.ttf
googlefontdirectory/ofl/nobile/Nobile-BoldItalic.ttf
googlefontdirectory/ofl/nobile/Nobile-Italic.ttf
googlefontdirectory/ofl/nobile/Nobile-Medium.ttf
googlefontdirectory/ofl/nobile/Nobile-MediumItalic.ttf
googlefontdirectory/ofl/nobile/Nobile-Regular.ttf
googlefontdirectory/ofl/norican/Norican-Regular.ttf
googlefontdirectory/ofl/nosifer/Nosifer-Regular.ttf
googlefontdirectory/ofl/nosifercaps/NosiferCaps-Regular.ttf
googlefontdirectory/ofl/nothingyoucoulddo/NothingYouCouldDo.ttf
googlefontdirectory/ofl/noticiatext/NoticiaText-Bold.ttf
googlefontdirectory/ofl/noticiatext/NoticiaText-BoldItalic.ttf
googlefontdirectory/ofl/noticiatext/NoticiaText-Italic.ttf
googlefontdirectory/ofl/noticiatext/NoticiaText-Regular.ttf
googlefontdirectory/ofl/novacut/NovaCut.ttf
googlefontdirectory/ofl/novaflat/NovaFlat.ttf
googlefontdirectory/ofl/novamono/NovaMono.ttf
googlefontdirectory/ofl/novaoval/NovaOval.ttf
googlefontdirectory/ofl/novaround/NovaRound.ttf
googlefontdirectory/ofl/novascript/NovaScript.ttf
googlefontdirectory/ofl/novaslim/NovaSlim.ttf
googlefontdirectory/ofl/novasquare/NovaSquare.ttf
googlefontdirectory/ofl/numans/Numans-Regular.ttf
googlefontdirectory/ofl/nunito/Nunito-Bold.ttf
googlefontdirectory/ofl/nunito/Nunito-Light.ttf
googlefontdirectory/ofl/nunito/Nunito-Regular.ttf
googlefontdirectory/ofl/offside/Offside-Regular.ttf
googlefontdirectory/ofl/oflsortsmillgoudytt/OFLGoudyStMTT-Italic.ttf
googlefontdirectory/ofl/oflsortsmillgoudytt/OFLGoudyStMTT.ttf
googlefontdirectory/ofl/oldenburg/Oldenburg-Regular.ttf
googlefontdirectory/ofl/oldstandardtt/OldStandard-Bold.ttf
googlefontdirectory/ofl/oldstandardtt/OldStandard-Italic.ttf
googlefontdirectory/ofl/oldstandardtt/OldStandard-Regular.ttf
googlefontdirectory/ofl/oleoscript/OleoScript-Bold.ttf
googlefontdirectory/ofl/oleoscript/OleoScript-Regular.ttf
googlefontdirectory/ofl/oleoscriptswashcaps/OleoScriptSwashCaps-Bold.ttf
googlefontdirectory/ofl/oleoscriptswashcaps/OleoScriptSwashCaps-Regular.ttf
googlefontdirectory/ofl/oranienbaum/Oranienbaum-Regular.ttf
googlefontdirectory/ofl/orbitron/Orbitron-Black.ttf
googlefontdirectory/ofl/orbitron/Orbitron-Bold.ttf
googlefontdirectory/ofl/orbitron/Orbitron-Medium.ttf
googlefontdirectory/ofl/orbitron/Orbitron-Regular.ttf
googlefontdirectory/ofl/oregano/Oregano-Italic.ttf
googlefontdirectory/ofl/oregano/Oregano-Regular.ttf
googlefontdirectory/ofl/orienta/Orienta-Regular.ttf
googlefontdirectory/ofl/originalsurfer/OriginalSurfer-Regular.ttf
googlefontdirectory/ofl/oswald/Oswald-Bold.ttf
googlefontdirectory/ofl/oswald/Oswald-Light.ttf
googlefontdirectory/ofl/oswald/Oswald-Regular.ttf
googlefontdirectory/ofl/oswald/src/Oswald-Bold-unhinted.ttf
googlefontdirectory/ofl/oswald/src/Oswald-Light-unhinted.ttf
googlefontdirectory/ofl/oswald/src/Oswald-Regular-unhinted.ttf
googlefontdirectory/ofl/overlock/Overlock-Black.ttf
googlefontdirectory/ofl/overlock/Overlock-BlackItalic.ttf
googlefontdirectory/ofl/overlock/Overlock-Bold.ttf
googlefontdirectory/ofl/overlock/Overlock-BoldItalic.ttf
googlefontdirectory/ofl/overlock/Overlock-Italic.ttf
googlefontdirectory/ofl/overlock/Overlock-Regular.ttf
googlefontdirectory/ofl/overlocksc/OverlockSC-Regular.ttf
googlefontdirectory/ofl/overtherainbow/OvertheRainbow.ttf
googlefontdirectory/ofl/ovo/Ovo-Regular.ttf
googlefontdirectory/ofl/oxygen/Oxygen-Bold.ttf
googlefontdirectory/ofl/oxygen/Oxygen-Light.ttf
googlefontdirectory/ofl/oxygen/Oxygen-Regular.ttf
googlefontdirectory/ofl/oxygen/src/Oxygen-Bold-unhinted.ttf
googlefontdirectory/ofl/oxygen/src/Oxygen-Light-unhinted.ttf
googlefontdirectory/ofl/oxygen/src/Oxygen-Regular-unhinted.ttf
googlefontdirectory/ofl/oxygenmono/OxygenMono-Regular.ttf
googlefontdirectory/ofl/pacifico/Pacifico.ttf
googlefontdirectory/ofl/padauk/Padauk-Bold.ttf
googlefontdirectory/ofl/padauk/Padauk-Regular.ttf
googlefontdirectory/ofl/padauk/src/font-source/padauk_src.ttf
googlefontdirectory/ofl/padauk/src/font-source/padaukbold_src.ttf
googlefontdirectory/ofl/padauk/src/font-source/padaukbook_src.ttf
googlefontdirectory/ofl/padauk/src/font-source/padaukbookbold_src.ttf
googlefontdirectory/ofl/paprika/Paprika-Regular.ttf
googlefontdirectory/ofl/parisienne/Parisienne-Regular.ttf
googlefontdirectory/ofl/passeroone/PasseroOne-Regular.ttf
googlefontdirectory/ofl/passionone/PassionOne-Black.ttf
googlefontdirectory/ofl/passionone/PassionOne-Bold.ttf
googlefontdirectory/ofl/passionone/PassionOne-Regular.ttf
googlefontdirectory/ofl/pathwaygothicone/PathwayGothicOne-Regular.ttf
googlefontdirectory/ofl/patrickhand/PatrickHand-Regular.ttf
googlefontdirectory/ofl/patrickhand/src/PatrickHand-Regular_prettfautohint.ttf
googlefontdirectory/ofl/patrickhandsc/PatrickHandSC-Regular.ttf
googlefontdirectory/ofl/patrickhandsc/src/PatrickHandSC-Regular_prettfautohint.ttf
googlefontdirectory/ofl/patuaone/PatuaOne-Regular.ttf
googlefontdirectory/ofl/paytoneone/PaytoneOne.ttf
googlefontdirectory/ofl/pecita/Pecita.ttf
googlefontdirectory/ofl/peralta/Peralta-Regular.ttf
googlefontdirectory/ofl/petitformalscript/PetitFormalScript-Regular.ttf
googlefontdirectory/ofl/petrona/Petrona-Regular.ttf
googlefontdirectory/ofl/philosopher/Philosopher-Bold.ttf
googlefontdirectory/ofl/philosopher/Philosopher-BoldItalic.ttf
googlefontdirectory/ofl/philosopher/Philosopher-Italic.ttf
googlefontdirectory/ofl/philosopher/Philosopher-Regular.ttf
googlefontdirectory/ofl/piedra/Piedra-Regular.ttf
googlefontdirectory/ofl/pinyonscript/PinyonScript-Regular.ttf
googlefontdirectory/ofl/pirataone/PirataOne-Regular.ttf
googlefontdirectory/ofl/plaster/Plaster-Regular.ttf
googlefontdirectory/ofl/play/Play-Bold.ttf
googlefontdirectory/ofl/play/Play-Regular.ttf
googlefontdirectory/ofl/playball/Playball-Regular.ttf
googlefontdirectory/ofl/playfairdisplay/PlayfairDisplay-Black.ttf
googlefontdirectory/ofl/playfairdisplay/PlayfairDisplay-BlackItalic.ttf
googlefontdirectory/ofl/playfairdisplay/PlayfairDisplay-Bold.ttf
googlefontdirectory/ofl/playfairdisplay/PlayfairDisplay-BoldItalic.ttf
googlefontdirectory/ofl/playfairdisplay/PlayfairDisplay-Italic.ttf
googlefontdirectory/ofl/playfairdisplay/PlayfairDisplay-Regular.ttf
googlefontdirectory/ofl/playfairdisplaysc/PlayfairDisplaySC-Black.ttf
googlefontdirectory/ofl/playfairdisplaysc/PlayfairDisplaySC-BlackItalic.ttf
googlefontdirectory/ofl/playfairdisplaysc/PlayfairDisplaySC-Bold.ttf
googlefontdirectory/ofl/playfairdisplaysc/PlayfairDisplaySC-BoldItalic.ttf
googlefontdirectory/ofl/playfairdisplaysc/PlayfairDisplaySC-Italic.ttf
googlefontdirectory/ofl/playfairdisplaysc/PlayfairDisplaySC-Regular.ttf
googlefontdirectory/ofl/podkova/Podkova-Bold.ttf
googlefontdirectory/ofl/podkova/Podkova-Regular.ttf
googlefontdirectory/ofl/poetsenone/PoetsenOne-Regular.ttf
googlefontdirectory/ofl/poiretone/PoiretOne-Regular.ttf
googlefontdirectory/ofl/pollerone/PollerOne.ttf
googlefontdirectory/ofl/poly/Poly-Italic.ttf
googlefontdirectory/ofl/poly/Poly-Regular.ttf
googlefontdirectory/ofl/pompiere/Pompiere-Regular.ttf
googlefontdirectory/ofl/pontanosans/PontanoSans-Regular.ttf
googlefontdirectory/ofl/portersansblock/PorterSansBlock-Regular.ttf
googlefontdirectory/ofl/portlligatsans/PortLligatSans-Regular.ttf
googlefontdirectory/ofl/portlligatslab/PortLligatSlab-Regular.ttf
googlefontdirectory/ofl/prata/Prata-Regular.ttf
googlefontdirectory/ofl/pressstart2p/PressStart2P-Regular.ttf
googlefontdirectory/ofl/princesssofia/PrincessSofia-Regular.ttf
googlefontdirectory/ofl/prociono/Prociono-Regular.ttf
googlefontdirectory/ofl/prostoone/ProstoOne-Regular.ttf
googlefontdirectory/ofl/ptmono/PTM55FT.ttf
googlefontdirectory/ofl/ptsans/PT_Sans-Web-Bold.ttf
googlefontdirectory/ofl/ptsans/PT_Sans-Web-BoldItalic.ttf
googlefontdirectory/ofl/ptsans/PT_Sans-Web-Italic.ttf
googlefontdirectory/ofl/ptsans/PT_Sans-Web-Regular.ttf
googlefontdirectory/ofl/ptsanscaption/PT_Sans-Caption-Web-Bold.ttf
googlefontdirectory/ofl/ptsanscaption/PT_Sans-Caption-Web-Regular.ttf
googlefontdirectory/ofl/ptsansnarrow/PT_Sans-Narrow-Web-Bold.ttf
googlefontdirectory/ofl/ptsansnarrow/PT_Sans-Narrow-Web-Regular.ttf
googlefontdirectory/ofl/ptserif/PT_Serif-Web-Bold.ttf
googlefontdirectory/ofl/ptserif/PT_Serif-Web-BoldItalic.ttf
googlefontdirectory/ofl/ptserif/PT_Serif-Web-Italic.ttf
googlefontdirectory/ofl/ptserif/PT_Serif-Web-Regular.ttf
googlefontdirectory/ofl/ptserif/src/PTF55F.ttf
googlefontdirectory/ofl/ptserif/src/PTF56F.ttf
googlefontdirectory/ofl/ptserif/src/PTF75F.ttf
googlefontdirectory/ofl/ptserif/src/PTF76F.ttf
googlefontdirectory/ofl/ptserif/src/PTZ55F.ttf
googlefontdirectory/ofl/ptserif/src/PTZ56F.ttf
googlefontdirectory/ofl/ptserifcaption/PT_Serif-Caption-Web-Italic.ttf
googlefontdirectory/ofl/ptserifcaption/PT_Serif-Caption-Web-Regular.ttf
googlefontdirectory/ofl/puritan/Puritan-Bold.ttf
googlefontdirectory/ofl/puritan/Puritan-BoldItalic.ttf
googlefontdirectory/ofl/puritan/Puritan-Italic.ttf
googlefontdirectory/ofl/puritan/Puritan-Regular.ttf
googlefontdirectory/ofl/purplepurse/PurplePurse-Regular.ttf
googlefontdirectory/ofl/quando/Quando-Regular.ttf
googlefontdirectory/ofl/quantico/Quantico-Bold.ttf
googlefontdirectory/ofl/quantico/Quantico-BoldItalic.ttf
googlefontdirectory/ofl/quantico/Quantico-Italic.ttf
googlefontdirectory/ofl/quantico/Quantico-Regular.ttf
googlefontdirectory/ofl/quattrocento/Quattrocento-Bold.ttf
googlefontdirectory/ofl/quattrocento/Quattrocento-Regular.ttf
googlefontdirectory/ofl/quattrocentosans/QuattrocentoSans-Bold.ttf
googlefontdirectory/ofl/quattrocentosans/QuattrocentoSans-BoldItalic.ttf
googlefontdirectory/ofl/quattrocentosans/QuattrocentoSans-Italic.ttf
googlefontdirectory/ofl/quattrocentosans/QuattrocentoSans-Regular.ttf
googlefontdirectory/ofl/questrial/Questrial-Regular.ttf
googlefontdirectory/ofl/quicksand/Quicksand-Bold.ttf
googlefontdirectory/ofl/quicksand/Quicksand-BoldItalic.ttf
googlefontdirectory/ofl/quicksand/Quicksand-Italic.ttf
googlefontdirectory/ofl/quicksand/Quicksand-Light.ttf
googlefontdirectory/ofl/quicksand/Quicksand-LightItalic.ttf
googlefontdirectory/ofl/quicksand/Quicksand-Regular.ttf
googlefontdirectory/ofl/quintessential/Quintessential-Regular.ttf
googlefontdirectory/ofl/qwigley/Qwigley-Regular.ttf
googlefontdirectory/ofl/racingsansone/RacingSansOne-Regular.ttf
googlefontdirectory/ofl/radley/Radley-Italic.ttf
googlefontdirectory/ofl/radley/Radley-Regular.ttf
googlefontdirectory/ofl/raleway/Raleway-Bold.ttf
googlefontdirectory/ofl/raleway/Raleway-ExtraBold.ttf
googlefontdirectory/ofl/raleway/Raleway-ExtraLight.ttf
googlefontdirectory/ofl/raleway/Raleway-Heavy.ttf
googlefontdirectory/ofl/raleway/Raleway-Light.ttf
googlefontdirectory/ofl/raleway/Raleway-Medium.ttf
googlefontdirectory/ofl/raleway/Raleway-Regular.ttf
googlefontdirectory/ofl/raleway/Raleway-SemiBold.ttf
googlefontdirectory/ofl/raleway/Raleway-Thin.ttf
googlefontdirectory/ofl/ralewaydots/RalewayDots-Regular.ttf
googlefontdirectory/ofl/rambla/Rambla-Bold.ttf
googlefontdirectory/ofl/rambla/Rambla-BoldItalic.ttf
googlefontdirectory/ofl/rambla/Rambla-Italic.ttf
googlefontdirectory/ofl/rambla/Rambla-Regular.ttf
googlefontdirectory/ofl/rammettoone/RammettoOne-Regular.ttf
googlefontdirectory/ofl/ranchers/Ranchers-Regular.ttf
googlefontdirectory/ofl/rationale/Rationale-Regular.ttf
googlefontdirectory/ofl/reeniebeanie/ReenieBeanie.ttf
googlefontdirectory/ofl/reeniebeanie/src/ReenieBeanie-VTT.ttf
googlefontdirectory/ofl/revalia/Revalia-Regular.ttf
googlefontdirectory/ofl/ribeye/Ribeye-Regular.ttf
googlefontdirectory/ofl/ribeyemarrow/RibeyeMarrow-Regular.ttf
googlefontdirectory/ofl/righteous/Righteous-Regular.ttf
googlefontdirectory/ofl/risque/Risque-Regular.ttf
googlefontdirectory/ofl/rokkitt/Rokkitt-Bold.ttf
googlefontdirectory/ofl/rokkitt/Rokkitt-Light.ttf
googlefontdirectory/ofl/rokkitt/Rokkitt-Regular.ttf
googlefontdirectory/ofl/romanesco/Romanesco-Regular.ttf
googlefontdirectory/ofl/ropasans/RopaSans-Italic.ttf
googlefontdirectory/ofl/ropasans/RopaSans-Regular.ttf
googlefontdirectory/ofl/rosario/Rosario-Bold.ttf
googlefontdirectory/ofl/rosario/Rosario-BoldItalic.ttf
googlefontdirectory/ofl/rosario/Rosario-Italic.ttf
googlefontdirectory/ofl/rosario/Rosario-Regular.ttf
googlefontdirectory/ofl/rosarivo/Rosarivo-Italic.ttf
googlefontdirectory/ofl/rosarivo/Rosarivo-Regular.ttf
googlefontdirectory/ofl/rougescript/RougeScript-Regular.ttf
googlefontdirectory/ofl/ruda/Ruda-Black.ttf
googlefontdirectory/ofl/ruda/Ruda-Bold.ttf
googlefontdirectory/ofl/ruda/Ruda-Regular.ttf
googlefontdirectory/ofl/rufina/Rufina-Bold.ttf
googlefontdirectory/ofl/rufina/Rufina-Regular.ttf
googlefontdirectory/ofl/rugeboogie/RugeBoogie-Regular.ttf
googlefontdirectory/ofl/ruluko/Ruluko-Regular.ttf
googlefontdirectory/ofl/rumraisin/RumRaisin-Regular.ttf
googlefontdirectory/ofl/ruslandisplay/RuslanDisplay.ttf
googlefontdirectory/ofl/russoone/RussoOne-Regular.ttf
googlefontdirectory/ofl/ruthie/Ruthie-Regular.ttf
googlefontdirectory/ofl/rye/Rye-Regular.ttf
googlefontdirectory/ofl/sacramento/Sacramento-Regular.ttf
googlefontdirectory/ofl/sail/Sail-Regular.ttf
googlefontdirectory/ofl/salsa/Salsa-Regular.ttf
googlefontdirectory/ofl/sanchez/Sanchez-Italic.ttf
googlefontdirectory/ofl/sanchez/Sanchez-Regular.ttf
googlefontdirectory/ofl/sancreek/Sancreek-Regular.ttf
googlefontdirectory/ofl/sansation/Sansation-Bold.ttf
googlefontdirectory/ofl/sansation/Sansation-BoldItalic.ttf
googlefontdirectory/ofl/sansation/Sansation-Italic.ttf
googlefontdirectory/ofl/sansation/Sansation-Light.ttf
googlefontdirectory/ofl/sansation/Sansation-LightItalic.ttf
googlefontdirectory/ofl/sansation/Sansation-Regular.ttf
googlefontdirectory/ofl/sansitaone/SansitaOne.ttf
googlefontdirectory/ofl/sarabun/Sarabun-Bold.ttf
googlefontdirectory/ofl/sarabun/Sarabun-BoldItalic.ttf
googlefontdirectory/ofl/sarabun/Sarabun-Italic.ttf
googlefontdirectory/ofl/sarabun/Sarabun-Regular.ttf
googlefontdirectory/ofl/sarina/Sarina-Regular.ttf
googlefontdirectory/ofl/scada/Scada-Bold.ttf
googlefontdirectory/ofl/scada/Scada-BoldItalic.ttf
googlefontdirectory/ofl/scada/Scada-Italic.ttf
googlefontdirectory/ofl/scada/Scada-Regular.ttf
googlefontdirectory/ofl/scheherazade/ScheherazadeRegOT.ttf
googlefontdirectory/ofl/seaweedscript/SeaweedScript-Regular.ttf
googlefontdirectory/ofl/sedan/Sedan-Italic.ttf
googlefontdirectory/ofl/sedan/Sedan-Regular.ttf
googlefontdirectory/ofl/sedansc/SedanSC-Regular.ttf
googlefontdirectory/ofl/seoulhangang/SeoulHangang-Bold.ttf
googlefontdirectory/ofl/seoulhangang/SeoulHangang-ExtraBold.ttf
googlefontdirectory/ofl/seoulhangang/SeoulHangang-Light.ttf
googlefontdirectory/ofl/seoulhangang/SeoulHangang-Medium.ttf
googlefontdirectory/ofl/seoulhangang/src/mobile/SeoulHangang.ttf
googlefontdirectory/ofl/seoulhangang/src/mobile/SeoulHangangB.ttf
googlefontdirectory/ofl/seoulhangangcondensed/SeoulHangangCondensed-Bold.ttf
googlefontdirectory/ofl/seoulhangangcondensed/SeoulHangangCondensed-BoldL.ttf
googlefontdirectory/ofl/seoulhangangcondensed/SeoulHangangCondensed-ExtraBold.ttf
googlefontdirectory/ofl/seoulhangangcondensed/SeoulHangangCondensed-Light.ttf
googlefontdirectory/ofl/seoulhangangcondensed/SeoulHangangCondensed-Medium.ttf
googlefontdirectory/ofl/seoulhangangcondensed/src/mobile/SeoulHangang.ttf
googlefontdirectory/ofl/seoulhangangcondensed/src/mobile/SeoulHangangB.ttf
googlefontdirectory/ofl/seoulnamsan/SeoulNamsan-Bold.ttf
googlefontdirectory/ofl/seoulnamsan/SeoulNamsan-ExtraBold.ttf
googlefontdirectory/ofl/seoulnamsan/SeoulNamsan-Light.ttf
googlefontdirectory/ofl/seoulnamsan/SeoulNamsan-Medium.ttf
googlefontdirectory/ofl/seoulnamsan/src/mobile/SeoulNamsan.ttf
googlefontdirectory/ofl/seoulnamsan/src/mobile/SeoulNamsanB.ttf
googlefontdirectory/ofl/seoulnamsancondensed/SeoulNamsanCondensed-Black.ttf
googlefontdirectory/ofl/seoulnamsancondensed/SeoulNamsanCondensed-Bold.ttf
googlefontdirectory/ofl/seoulnamsancondensed/SeoulNamsanCondensed-ExtraBold.ttf
googlefontdirectory/ofl/seoulnamsancondensed/SeoulNamsanCondensed-Light.ttf
googlefontdirectory/ofl/seoulnamsancondensed/SeoulNamsanCondensed-Medium.ttf
googlefontdirectory/ofl/seoulnamsancondensed/src/mobile/SeoulNamsan.ttf
googlefontdirectory/ofl/seoulnamsancondensed/src/mobile/SeoulNamsanB.ttf
googlefontdirectory/ofl/seoulnamsanvertical/SeoulNamsanVertical-Regular.ttf
googlefontdirectory/ofl/sevillana/Sevillana-Regular.ttf
googlefontdirectory/ofl/seymourone/SeymourOne-Regular.ttf
googlefontdirectory/ofl/seymourone/src/SeymourOne-Regular-unhinted.ttf
googlefontdirectory/ofl/shadowsintolight/ShadowsIntoLight.ttf
googlefontdirectory/ofl/shadowsintolighttwo/ShadowsIntoLightTwo-Regular.ttf
googlefontdirectory/ofl/shanti/Shanti-Regular.ttf
googlefontdirectory/ofl/share/Share-Bold.ttf
googlefontdirectory/ofl/share/Share-BoldItalic.ttf
googlefontdirectory/ofl/share/Share-Italic.ttf
googlefontdirectory/ofl/share/Share-Regular.ttf
googlefontdirectory/ofl/share/src/shareosf/src/Share-BoldItalicOSF.ttf
googlefontdirectory/ofl/share/src/shareosf/src/Share-BoldOSF.ttf
googlefontdirectory/ofl/share/src/shareosf/src/Share-ItalicOSF.ttf
googlefontdirectory/ofl/share/src/shareosf/src/Share-RegularOSF.ttf
googlefontdirectory/ofl/sharetech/ShareTech-Regular.ttf
googlefontdirectory/ofl/sharetech/src/ShareTech-Regularo.ttf
googlefontdirectory/ofl/sharetechmono/ShareTechMono-Regular.ttf
googlefontdirectory/ofl/sharetechmono/src/ShareTechMono-Regularo.ttf
googlefontdirectory/ofl/shojumaru/Shojumaru-Regular.ttf
googlefontdirectory/ofl/shortstack/ShortStack-Regular.ttf
googlefontdirectory/ofl/sigmarone/SigmarOne.ttf
googlefontdirectory/ofl/signika/Signika-Bold.ttf
googlefontdirectory/ofl/signika/Signika-Light.ttf
googlefontdirectory/ofl/signika/Signika-Regular.ttf
googlefontdirectory/ofl/signika/Signika-Semibold.ttf
googlefontdirectory/ofl/signikanegative/SignikaNegative-Bold.ttf
googlefontdirectory/ofl/signikanegative/SignikaNegative-Light.ttf
googlefontdirectory/ofl/signikanegative/SignikaNegative-Regular.ttf
googlefontdirectory/ofl/signikanegative/SignikaNegative-Semibold.ttf
googlefontdirectory/ofl/simonetta/Simonetta-Black.ttf
googlefontdirectory/ofl/simonetta/Simonetta-BlackItalic.ttf
googlefontdirectory/ofl/simonetta/Simonetta-Italic.ttf
googlefontdirectory/ofl/simonetta/Simonetta-Regular.ttf
googlefontdirectory/ofl/sintony/Sintony-Bold.ttf
googlefontdirectory/ofl/sintony/Sintony-Regular.ttf
googlefontdirectory/ofl/sirinstencil/SirinStencil-Regular.ttf
googlefontdirectory/ofl/sixcaps/SixCaps.ttf
googlefontdirectory/ofl/skranji/Skranji-Bold.ttf
googlefontdirectory/ofl/skranji/Skranji-Regular.ttf
googlefontdirectory/ofl/smythe/Smythe-Regular.ttf
googlefontdirectory/ofl/sniglet/Sniglet-ExtraBold.ttf
googlefontdirectory/ofl/sniglet/Sniglet-Regular.ttf
googlefontdirectory/ofl/snippet/Snippet.ttf
googlefontdirectory/ofl/snowburstone/SnowburstOne-Regular.ttf
googlefontdirectory/ofl/sofadione/orig/SofadiOne-Regular.ttf
googlefontdirectory/ofl/sofadione/SofadiOne-Regular.ttf
googlefontdirectory/ofl/sofia/Sofia-Regular.ttf
googlefontdirectory/ofl/sonsieone/SonsieOne-Regular.ttf
googlefontdirectory/ofl/sortsmillgoudy/SortsMillGoudy-Italic.ttf
googlefontdirectory/ofl/sortsmillgoudy/SortsMillGoudy-Regular.ttf
googlefontdirectory/ofl/sourcecodepro/SourceCodePro-Black.ttf
googlefontdirectory/ofl/sourcecodepro/SourceCodePro-Bold.ttf
googlefontdirectory/ofl/sourcecodepro/SourceCodePro-ExtraLight.ttf
googlefontdirectory/ofl/sourcecodepro/SourceCodePro-Light.ttf
googlefontdirectory/ofl/sourcecodepro/SourceCodePro-Medium.ttf
googlefontdirectory/ofl/sourcecodepro/SourceCodePro-Regular.ttf
googlefontdirectory/ofl/sourcecodepro/SourceCodePro-Semibold.ttf
googlefontdirectory/ofl/sourcesanspro/SourceSansPro-Black.ttf
googlefontdirectory/ofl/sourcesanspro/SourceSansPro-BlackItalic.ttf
googlefontdirectory/ofl/sourcesanspro/SourceSansPro-Bold.ttf
googlefontdirectory/ofl/sourcesanspro/SourceSansPro-BoldItalic.ttf
googlefontdirectory/ofl/sourcesanspro/SourceSansPro-ExtraLight.ttf
googlefontdirectory/ofl/sourcesanspro/SourceSansPro-ExtraLightItalic.ttf
googlefontdirectory/ofl/sourcesanspro/SourceSansPro-Italic.ttf
googlefontdirectory/ofl/sourcesanspro/SourceSansPro-Light.ttf
googlefontdirectory/ofl/sourcesanspro/SourceSansPro-LightItalic.ttf
googlefontdirectory/ofl/sourcesanspro/SourceSansPro-Regular.ttf
googlefontdirectory/ofl/sourcesanspro/SourceSansPro-Semibold.ttf
googlefontdirectory/ofl/sourcesanspro/SourceSansPro-SemiboldItalic.ttf
googlefontdirectory/ofl/spicyrice/SpicyRice-Regular.ttf
googlefontdirectory/ofl/spinnaker/Spinnaker-Regular.ttf
googlefontdirectory/ofl/spirax/Spirax-Regular.ttf
googlefontdirectory/ofl/squadaone/SquadaOne-Regular.ttf
googlefontdirectory/ofl/stalemate/Stalemate-Regular.ttf
googlefontdirectory/ofl/stalinistone/StalinistOne-Regular.ttf
googlefontdirectory/ofl/stalinone/StalinOne-Regular.ttf
googlefontdirectory/ofl/stardosstencil/StardosStencil-Bold.ttf
googlefontdirectory/ofl/stardosstencil/StardosStencil-Regular.ttf
googlefontdirectory/ofl/stintultracondensed/StintUltraCondensed-Regular.ttf
googlefontdirectory/ofl/stintultraexpanded/StintUltraExpanded-Regular.ttf
googlefontdirectory/ofl/stoke/Stoke-Light.ttf
googlefontdirectory/ofl/stoke/Stoke-Regular.ttf
googlefontdirectory/ofl/strait/Strait-Regular.ttf
googlefontdirectory/ofl/strong/Strong-Regular.ttf
googlefontdirectory/ofl/sueellenfrancisco/SueEllenFrancisco.ttf
googlefontdirectory/ofl/supermercadoone/SupermercadoOne-Regular.ttf
googlefontdirectory/ofl/swankyandmoomoo/SwankyandMooMoo.ttf
googlefontdirectory/ofl/tangerine/Tangerine_Bold.ttf
googlefontdirectory/ofl/tangerine/Tangerine_Regular.ttf
googlefontdirectory/ofl/tauri/Tauri-Regular.ttf
googlefontdirectory/ofl/telex/Telex-Regular.ttf
googlefontdirectory/ofl/tenorsans/TenorSans-Regular.ttf
googlefontdirectory/ofl/terminaldosis/TerminalDosis-Bold.ttf
googlefontdirectory/ofl/terminaldosis/TerminalDosis-ExtraBold.ttf
googlefontdirectory/ofl/terminaldosis/TerminalDosis-ExtraLight.ttf
googlefontdirectory/ofl/terminaldosis/TerminalDosis-Light.ttf
googlefontdirectory/ofl/terminaldosis/TerminalDosis-Medium.ttf
googlefontdirectory/ofl/terminaldosis/TerminalDosis-Regular.ttf
googlefontdirectory/ofl/terminaldosis/TerminalDosis-SemiBold.ttf
googlefontdirectory/ofl/terminaldosislight/TerminalDosis-Light.ttf
googlefontdirectory/ofl/textmeone/TextMeOne-Regular.ttf
googlefontdirectory/ofl/thabit/Thabit-Bold.ttf
googlefontdirectory/ofl/thabit/Thabit-BoldOblique.ttf
googlefontdirectory/ofl/thabit/Thabit-Oblique.ttf
googlefontdirectory/ofl/thabit/Thabit.ttf
googlefontdirectory/ofl/tharlon/Tharlon-Regular.ttf
googlefontdirectory/ofl/thegirlnextdoor/TheGirlNextDoor.ttf
googlefontdirectory/ofl/tienne/Tienne-Bold.ttf
googlefontdirectory/ofl/tienne/Tienne-Heavy.ttf
googlefontdirectory/ofl/tienne/Tienne-Regular.ttf
googlefontdirectory/ofl/titanone/TitanOne-Regular.ttf
googlefontdirectory/ofl/titilliumweb/TitilliumWeb-Black.ttf
googlefontdirectory/ofl/titilliumweb/TitilliumWeb-Bold.ttf
googlefontdirectory/ofl/titilliumweb/TitilliumWeb-BoldItalic.ttf
googlefontdirectory/ofl/titilliumweb/TitilliumWeb-ExtraLight.ttf
googlefontdirectory/ofl/titilliumweb/TitilliumWeb-ExtraLightItalic.ttf
googlefontdirectory/ofl/titilliumweb/TitilliumWeb-Italic.ttf
googlefontdirectory/ofl/titilliumweb/TitilliumWeb-Light.ttf
googlefontdirectory/ofl/titilliumweb/TitilliumWeb-LightItalic.ttf
googlefontdirectory/ofl/titilliumweb/TitilliumWeb-Regular.ttf
googlefontdirectory/ofl/titilliumweb/TitilliumWeb-SemiBold.ttf
googlefontdirectory/ofl/titilliumweb/TitilliumWeb-SemiBoldItalic.ttf
googlefontdirectory/ofl/tradewinds/TradeWinds-Regular.ttf
googlefontdirectory/ofl/trocchi/Trocchi-Regular.ttf
googlefontdirectory/ofl/trochut/Trochut-Bold.ttf
googlefontdirectory/ofl/trochut/Trochut-Italic.ttf
googlefontdirectory/ofl/trochut/Trochut-Regular.ttf
googlefontdirectory/ofl/trykker/Trykker-Regular.ttf
googlefontdirectory/ofl/tuffy/Tuffy-Bold.ttf
googlefontdirectory/ofl/tuffy/Tuffy-BoldItalic.ttf
googlefontdirectory/ofl/tuffy/Tuffy-Italic.ttf
googlefontdirectory/ofl/tuffy/Tuffy-Regular.ttf
googlefontdirectory/ofl/tulpenone/src/Tulpen-Light.ttf
googlefontdirectory/ofl/tulpenone/TulpenOne-Regular.ttf
googlefontdirectory/ofl/uncialantiqua/UncialAntiqua-Regular.ttf
googlefontdirectory/ofl/underdog/Underdog-Regular.ttf
googlefontdirectory/ofl/unicaone/UnicaOne-Regular.ttf
googlefontdirectory/ofl/unifrakturcook/UnifrakturCook-Bold.ttf
googlefontdirectory/ofl/unifrakturmaguntia/UnifrakturMaguntia-Book.ttf
googlefontdirectory/ofl/unlock/Unlock-Regular.ttf
googlefontdirectory/ofl/unna/Unna-Regular.ttf
googlefontdirectory/ofl/vampiroone/VampiroOne-Regular.ttf
googlefontdirectory/ofl/varela/Varela-Regular.ttf
googlefontdirectory/ofl/varelaround/VarelaRound-Regular.ttf
googlefontdirectory/ofl/vastshadow/VastShadow-Regular.ttf
googlefontdirectory/ofl/vibur/Vibur-Regular.ttf
googlefontdirectory/ofl/vidaloka/Vidaloka-Regular.ttf
googlefontdirectory/ofl/viga/Viga-Regular.ttf
googlefontdirectory/ofl/voces/Voces-Regular.ttf
googlefontdirectory/ofl/volkhov/Volkhov-Bold.ttf
googlefontdirectory/ofl/volkhov/Volkhov-BoldItalic.ttf
googlefontdirectory/ofl/volkhov/Volkhov-Italic.ttf
googlefontdirectory/ofl/volkhov/Volkhov-Regular.ttf
googlefontdirectory/ofl/vollkorn/Vollkorn-Bold.ttf
googlefontdirectory/ofl/vollkorn/Vollkorn-BoldItalic.ttf
googlefontdirectory/ofl/vollkorn/Vollkorn-Italic.ttf
googlefontdirectory/ofl/vollkorn/Vollkorn-Regular.ttf
googlefontdirectory/ofl/voltaire/Voltaire-Regular.ttf
googlefontdirectory/ofl/vt323/VT323-Regular.ttf
googlefontdirectory/ofl/waitingforthesunrise/WaitingfortheSunrise.ttf
googlefontdirectory/ofl/wallpoet/Wallpoet-Regular.ttf
googlefontdirectory/ofl/warnes/Warnes-Regular.ttf
googlefontdirectory/ofl/wellfleet/Wellfleet-Regular.ttf
googlefontdirectory/ofl/wendyone/WendyOne-Regular.ttf
googlefontdirectory/ofl/wireone/WireOne.ttf
googlefontdirectory/ofl/yanonekaffeesatz/YanoneKaffeesatz-Bold.ttf
googlefontdirectory/ofl/yanonekaffeesatz/YanoneKaffeesatz-ExtraLight.ttf
googlefontdirectory/ofl/yanonekaffeesatz/YanoneKaffeesatz-Light.ttf
googlefontdirectory/ofl/yanonekaffeesatz/YanoneKaffeesatz-Regular.ttf
googlefontdirectory/ofl/yesevaone/src/YesevaOne-Regular_v2.ttf
googlefontdirectory/ofl/yesevaone/YesevaOne-Regular.ttf
googlefontdirectory/ofl/yesteryear/Yesteryear-Regular.ttf
googlefontdirectory/ofl/zeyada/Zeyada.ttf
googlefontdirectory/tools/freetype-bci-font/HintTest1.ttf
googlefontdirectory/ufl/ubuntu/src/VTT/Ubuntu-B-hinting.ttf
googlefontdirectory/ufl/ubuntu/src/VTT/Ubuntu-BI-hinting.ttf
googlefontdirectory/ufl/ubuntu/src/VTT/Ubuntu-C-hinting.ttf
googlefontdirectory/ufl/ubuntu/src/VTT/Ubuntu-L-hinting.ttf
googlefontdirectory/ufl/ubuntu/src/VTT/Ubuntu-LI-hinting.ttf
googlefontdirectory/ufl/ubuntu/src/VTT/Ubuntu-M-hinting.ttf
googlefontdirectory/ufl/ubuntu/src/VTT/Ubuntu-MI-hinting.ttf
googlefontdirectory/ufl/ubuntu/src/VTT/Ubuntu-R-hinting.ttf
googlefontdirectory/ufl/ubuntu/src/VTT/Ubuntu-RI-hinting.ttf
googlefontdirectory/ufl/ubuntu/Ubuntu-Bold.ttf
googlefontdirectory/ufl/ubuntu/Ubuntu-BoldItalic.ttf
googlefontdirectory/ufl/ubuntu/Ubuntu-Italic.ttf
googlefontdirectory/ufl/ubuntu/Ubuntu-Light.ttf
googlefontdirectory/ufl/ubuntu/Ubuntu-LightItalic.ttf
googlefontdirectory/ufl/ubuntu/Ubuntu-Medium.ttf
googlefontdirectory/ufl/ubuntu/Ubuntu-MediumItalic.ttf
googlefontdirectory/ufl/ubuntu/Ubuntu-Regular.ttf
googlefontdirectory/ufl/ubuntucondensed/UbuntuCondensed-Regular.ttf
googlefontdirectory/ufl/ubuntumono/src/VTT/UbuntuMono-B-hinting.ttf
googlefontdirectory/ufl/ubuntumono/src/VTT/UbuntuMono-BI-hinting.ttf
googlefontdirectory/ufl/ubuntumono/src/VTT/UbuntuMono-R-hinting.ttf
googlefontdirectory/ufl/ubuntumono/src/VTT/UbuntuMono-RI-hinting.ttf
googlefontdirectory/ufl/ubuntumono/UbuntuMono-Bold.ttf
googlefontdirectory/ufl/ubuntumono/UbuntuMono-BoldItalic.ttf
googlefontdirectory/ufl/ubuntumono/UbuntuMono-Italic.ttf
googlefontdirectory/ufl/ubuntumono/UbuntuMono-Regular.ttf
